timestamp,occupancy,electricity_kw
2024-08-01 00:00:00,6,3.13
2024-08-01 01:00:00,3,2.87
2024-08-01 02:00:00,7,2.21
2024-08-01 03:00:00,4,1.63
2024-08-01 04:00:00,6,1.84
2024-08-01 05:00:00,9,1.82
2024-08-01 06:00:00,2,1.48
2024-08-01 07:00:00,6,2.82
2024-08-01 08:00:00,30,4.0
2024-08-01 09:00:00,30,4.58
2024-08-01 10:00:00,43,6.6
2024-08-01 11:00:00,55,7.66
2024-08-01 12:00:00,59,8.32
2024-08-01 13:00:00,43,6.4
2024-08-01 14:00:00,22,4.01
2024-08-01 15:00:00,41,6.06
2024-08-01 16:00:00,21,3.61
2024-08-01 17:00:00,43,7.13
2024-08-01 18:00:00,63,9.58
2024-08-01 19:00:00,5,1.41
2024-08-01 20:00:00,1,0.24
2024-08-01 21:00:00,4,2.51
2024-08-01 22:00:00,0,0.89
2024-08-01 23:00:00,9,2.69
2024-08-02 00:00:00,5,1.32
2024-08-02 01:00:00,8,3.11
2024-08-02 02:00:00,0,2.77
2024-08-02 03:00:00,9,2.67
2024-08-02 04:00:00,2,1.69
2024-08-02 05:00:00,6,2.06
2024-08-02 06:00:00,3,2.25
2024-08-02 07:00:00,8,2.74
2024-08-02 08:00:00,22,4.64
2024-08-02 09:00:00,56,7.91
2024-08-02 10:00:00,26,4.79
2024-08-02 11:00:00,40,6.03
2024-08-02 12:00:00,28,4.33
2024-08-02 13:00:00,58,8.44
2024-08-02 14:00:00,37,5.48
2024-08-02 15:00:00,23,4.85
2024-08-02 16:00:00,44,6.35
2024-08-02 17:00:00,33,5.64
2024-08-02 18:00:00,69,9.48
2024-08-02 19:00:00,9,2.72
2024-08-02 20:00:00,8,2.2
2024-08-02 21:00:00,9,1.95
2024-08-02 22:00:00,4,2.22
2024-08-02 23:00:00,1,1.5
2024-08-03 00:00:00,3,2.0
2024-08-03 01:00:00,6,2.01
2024-08-03 02:00:00,7,1.68
2024-08-03 03:00:00,2,2.28
2024-08-03 04:00:00,0,1.87
2024-08-03 05:00:00,3,1.58
2024-08-03 06:00:00,1,1.65
2024-08-03 07:00:00,7,2.86
2024-08-03 08:00:00,23,4.03
2024-08-03 09:00:00,21,3.87
2024-08-03 10:00:00,25,4.62
2024-08-03 11:00:00,61,8.59
2024-08-03 12:00:00,23,4.69
2024-08-03 13:00:00,48,7.18
2024-08-03 14:00:00,37,5.55
2024-08-03 15:00:00,45,7.2
2024-08-03 16:00:00,63,8.49
2024-08-03 17:00:00,53,8.87
2024-08-03 18:00:00,29,5.77
2024-08-03 19:00:00,3,2.12
2024-08-03 20:00:00,7,2.55
2024-08-03 21:00:00,6,2.41
2024-08-03 22:00:00,8,2.22
2024-08-03 23:00:00,7,2.49
2024-08-04 00:00:00,4,1.52
2024-08-04 01:00:00,1,1.87
2024-08-04 02:00:00,4,2.41
2024-08-04 03:00:00,7,2.15
2024-08-04 04:00:00,9,2.28
2024-08-04 05:00:00,8,1.85
2024-08-04 06:00:00,8,3.19
2024-08-04 07:00:00,0,1.24
2024-08-04 08:00:00,44,6.68
2024-08-04 09:00:00,26,4.77
2024-08-04 10:00:00,28,5.0
2024-08-04 11:00:00,43,7.03
2024-08-04 12:00:00,20,3.71
2024-08-04 13:00:00,63,8.49
2024-08-04 14:00:00,27,4.08
2024-08-04 15:00:00,43,6.37
2024-08-04 16:00:00,30,4.62
2024-08-04 17:00:00,36,5.67
2024-08-04 18:00:00,27,5.39
2024-08-04 19:00:00,2,1.55
2024-08-04 20:00:00,2,1.55
2024-08-04 21:00:00,0,1.49
2024-08-04 22:00:00,4,1.78
2024-08-04 23:00:00,9,2.55
2024-08-05 00:00:00,6,2.49
2024-08-05 01:00:00,9,3.02
2024-08-05 02:00:00,8,2.96
2024-08-05 03:00:00,6,3.25
2024-08-05 04:00:00,8,2.74
2024-08-05 05:00:00,7,3.46
2024-08-05 06:00:00,1,1.23
2024-08-05 07:00:00,0,2.55
2024-08-05 08:00:00,67,9.35
2024-08-05 09:00:00,42,6.4
2024-08-05 10:00:00,43,6.6
2024-08-05 11:00:00,56,8.11
2024-08-05 12:00:00,54,8.02
2024-08-05 13:00:00,63,8.77
2024-08-05 14:00:00,59,8.99
2024-08-05 15:00:00,41,6.14
2024-08-05 16:00:00,46,7.35
2024-08-05 17:00:00,54,8.74
2024-08-05 18:00:00,20,3.72
2024-08-05 19:00:00,2,2.14
2024-08-05 20:00:00,4,2.26
2024-08-05 21:00:00,2,2.87
2024-08-05 22:00:00,0,1.25
2024-08-05 23:00:00,4,2.38
2024-08-06 00:00:00,9,1.77
2024-08-06 01:00:00,6,1.97
2024-08-06 02:00:00,6,2.4
2024-08-06 03:00:00,8,3.16
2024-08-06 04:00:00,9,1.97
2024-08-06 05:00:00,9,2.97
2024-08-06 06:00:00,2,1.71
2024-08-06 07:00:00,6,1.46
2024-08-06 08:00:00,68,9.75
2024-08-06 09:00:00,51,8.47
2024-08-06 10:00:00,23,3.7
2024-08-06 11:00:00,49,7.33
2024-08-06 12:00:00,56,7.73
2024-08-06 13:00:00,42,6.31
2024-08-06 14:00:00,58,9.18
2024-08-06 15:00:00,64,9.04
2024-08-06 16:00:00,34,6.28
2024-08-06 17:00:00,62,9.49
2024-08-06 18:00:00,48,7.08
2024-08-06 19:00:00,3,1.61
2024-08-06 20:00:00,6,1.77
2024-08-06 21:00:00,2,1.27
2024-08-06 22:00:00,5,2.28
2024-08-06 23:00:00,1,1.61
2024-08-07 00:00:00,9,2.27
2024-08-07 01:00:00,8,1.69
2024-08-07 02:00:00,4,2.03
2024-08-07 03:00:00,5,1.87
2024-08-07 04:00:00,3,1.76
2024-08-07 05:00:00,9,2.73
2024-08-07 06:00:00,6,0.97
2024-08-07 07:00:00,8,1.69
2024-08-07 08:00:00,58,9.61
2024-08-07 09:00:00,52,7.49
2024-08-07 10:00:00,20,2.64
2024-08-07 11:00:00,46,6.3
2024-08-07 12:00:00,32,6.58
2024-08-07 13:00:00,60,8.35
2024-08-07 14:00:00,22,4.72
2024-08-07 15:00:00,58,8.52
2024-08-07 16:00:00,25,4.26
2024-08-07 17:00:00,27,5.13
2024-08-07 18:00:00,46,5.83
2024-08-07 19:00:00,8,1.74
2024-08-07 20:00:00,4,1.73
2024-08-07 21:00:00,0,0.83
2024-08-07 22:00:00,2,1.45
2024-08-07 23:00:00,9,3.01
2024-08-08 00:00:00,7,2.41
2024-08-08 01:00:00,5,2.77
2024-08-08 02:00:00,7,2.44
2024-08-08 03:00:00,8,2.96
2024-08-08 04:00:00,3,1.83
2024-08-08 05:00:00,0,1.2
2024-08-08 06:00:00,0,2.24
2024-08-08 07:00:00,9,2.23
2024-08-08 08:00:00,31,5.39
2024-08-08 09:00:00,58,8.84
2024-08-08 10:00:00,21,4.44
2024-08-08 11:00:00,22,3.56
2024-08-08 12:00:00,68,10.19
2024-08-08 13:00:00,56,7.73
2024-08-08 14:00:00,68,10.07
2024-08-08 15:00:00,36,6.09
2024-08-08 16:00:00,68,10.07
2024-08-08 17:00:00,21,3.42
2024-08-08 18:00:00,21,4.31
2024-08-08 19:00:00,5,2.64
2024-08-08 20:00:00,6,2.32
2024-08-08 21:00:00,4,1.57
2024-08-08 22:00:00,0,1.96
2024-08-08 23:00:00,0,1.56
2024-08-09 00:00:00,2,0.9
2024-08-09 01:00:00,1,1.17
2024-08-09 02:00:00,4,1.72
2024-08-09 03:00:00,9,3.33
2024-08-09 04:00:00,5,2.77
2024-08-09 05:00:00,6,2.88
2024-08-09 06:00:00,3,1.98
2024-08-09 07:00:00,6,2.68
2024-08-09 08:00:00,30,4.53
2024-08-09 09:00:00,36,5.82
2024-08-09 10:00:00,57,8.57
2024-08-09 11:00:00,43,6.12
2024-08-09 12:00:00,24,4.48
2024-08-09 13:00:00,53,8.7
2024-08-09 14:00:00,25,4.78
2024-08-09 15:00:00,41,6.88
2024-08-09 16:00:00,30,3.87
2024-08-09 17:00:00,67,10.32
2024-08-09 18:00:00,35,5.61
2024-08-09 19:00:00,0,1.12
2024-08-09 20:00:00,8,2.37
2024-08-09 21:00:00,5,1.36
2024-08-09 22:00:00,2,2.26
2024-08-09 23:00:00,3,1.69
2024-08-10 00:00:00,3,1.49
2024-08-10 01:00:00,2,1.66
2024-08-10 02:00:00,9,3.14
2024-08-10 03:00:00,2,1.81
2024-08-10 04:00:00,2,1.04
2024-08-10 05:00:00,3,2.09
2024-08-10 06:00:00,6,1.76
2024-08-10 07:00:00,3,0.78
2024-08-10 08:00:00,60,9.45
2024-08-10 09:00:00,52,7.97
2024-08-10 10:00:00,59,8.54
2024-08-10 11:00:00,58,8.29
2024-08-10 12:00:00,37,6.64
2024-08-10 13:00:00,59,10.12
2024-08-10 14:00:00,20,4.12
2024-08-10 15:00:00,30,4.59
2024-08-10 16:00:00,47,7.06
2024-08-10 17:00:00,44,7.0
2024-08-10 18:00:00,69,8.61
2024-08-10 19:00:00,6,2.39
2024-08-10 20:00:00,9,2.8
2024-08-10 21:00:00,2,2.4
2024-08-10 22:00:00,6,2.83
2024-08-10 23:00:00,9,2.64
2024-08-11 00:00:00,8,3.22
2024-08-11 01:00:00,3,2.88
2024-08-11 02:00:00,0,1.51
2024-08-11 03:00:00,1,1.83
2024-08-11 04:00:00,0,0.62
2024-08-11 05:00:00,4,1.25
2024-08-11 06:00:00,4,1.56
2024-08-11 07:00:00,6,2.0
2024-08-11 08:00:00,28,4.31
2024-08-11 09:00:00,60,8.68
2024-08-11 10:00:00,54,7.77
2024-08-11 11:00:00,38,6.6
2024-08-11 12:00:00,67,9.3
2024-08-11 13:00:00,35,4.56
2024-08-11 14:00:00,22,4.2
2024-08-11 15:00:00,39,6.17
2024-08-11 16:00:00,43,6.23
2024-08-11 17:00:00,52,7.79
2024-08-11 18:00:00,43,6.12
2024-08-11 19:00:00,3,2.02
2024-08-11 20:00:00,0,2.82
2024-08-11 21:00:00,7,1.44
2024-08-11 22:00:00,3,1.6
2024-08-11 23:00:00,5,1.76
2024-08-12 00:00:00,7,2.12
2024-08-12 01:00:00,3,2.37
2024-08-12 02:00:00,2,2.01
2024-08-12 03:00:00,8,2.88
2024-08-12 04:00:00,2,1.76
2024-08-12 05:00:00,8,1.8
2024-08-12 06:00:00,1,1.06
2024-08-12 07:00:00,1,1.99
2024-08-12 08:00:00,21,4.11
2024-08-12 09:00:00,54,8.61
2024-08-12 10:00:00,35,5.85
2024-08-12 11:00:00,60,8.11
2024-08-12 12:00:00,55,7.84
2024-08-12 13:00:00,52,8.02
2024-08-12 14:00:00,23,4.62
2024-08-12 15:00:00,52,8.17
2024-08-12 16:00:00,33,4.94
2024-08-12 17:00:00,40,5.7
2024-08-12 18:00:00,67,9.45
2024-08-12 19:00:00,3,2.58
2024-08-12 20:00:00,7,1.99
2024-08-12 21:00:00,7,2.57
2024-08-12 22:00:00,6,2.45
2024-08-12 23:00:00,2,2.12
2024-08-13 00:00:00,0,2.33
2024-08-13 01:00:00,0,2.28
2024-08-13 02:00:00,2,1.44
2024-08-13 03:00:00,5,1.05
2024-08-13 04:00:00,6,1.88
2024-08-13 05:00:00,5,2.14
2024-08-13 06:00:00,5,1.92
2024-08-13 07:00:00,5,3.08
2024-08-13 08:00:00,64,9.19
2024-08-13 09:00:00,27,5.07
2024-08-13 10:00:00,46,7.13
2024-08-13 11:00:00,46,6.85
2024-08-13 12:00:00,53,6.9
2024-08-13 13:00:00,40,6.26
2024-08-13 14:00:00,49,9.01
2024-08-13 15:00:00,52,7.12
2024-08-13 16:00:00,47,6.23
2024-08-13 17:00:00,66,10.39
2024-08-13 18:00:00,52,8.11
2024-08-13 19:00:00,4,2.07
2024-08-13 20:00:00,2,2.42
2024-08-13 21:00:00,3,1.44
2024-08-13 22:00:00,2,1.69
2024-08-13 23:00:00,0,1.98
2024-08-14 00:00:00,0,2.56
2024-08-14 01:00:00,4,1.4
2024-08-14 02:00:00,5,2.74
2024-08-14 03:00:00,2,1.93
2024-08-14 04:00:00,8,2.54
2024-08-14 05:00:00,4,1.98
2024-08-14 06:00:00,7,1.65
2024-08-14 07:00:00,0,1.98
2024-08-14 08:00:00,65,8.91
2024-08-14 09:00:00,50,6.96
2024-08-14 10:00:00,54,8.42
2024-08-14 11:00:00,52,8.13
2024-08-14 12:00:00,40,6.34
2024-08-14 13:00:00,51,8.16
2024-08-14 14:00:00,42,7.25
2024-08-14 15:00:00,52,8.39
2024-08-14 16:00:00,22,3.88
2024-08-14 17:00:00,37,6.45
2024-08-14 18:00:00,44,6.89
2024-08-14 19:00:00,9,3.44
2024-08-14 20:00:00,5,2.04
2024-08-14 21:00:00,9,2.4
2024-08-14 22:00:00,2,1.43
2024-08-14 23:00:00,7,2.43
2024-08-15 00:00:00,7,2.57
2024-08-15 01:00:00,1,1.86
2024-08-15 02:00:00,5,2.27
2024-08-15 03:00:00,6,2.56
2024-08-15 04:00:00,1,1.51
2024-08-15 05:00:00,9,2.14
2024-08-15 06:00:00,1,1.14
2024-08-15 07:00:00,9,3.07
2024-08-15 08:00:00,36,6.06
2024-08-15 09:00:00,59,7.65
2024-08-15 10:00:00,52,8.29
2024-08-15 11:00:00,28,5.8
2024-08-15 12:00:00,62,8.58
2024-08-15 13:00:00,67,9.71
2024-08-15 14:00:00,58,8.22
2024-08-15 15:00:00,48,7.57
2024-08-15 16:00:00,61,8.24
2024-08-15 17:00:00,45,6.86
2024-08-15 18:00:00,54,8.47
2024-08-15 19:00:00,1,2.24
2024-08-15 20:00:00,8,2.67
2024-08-15 21:00:00,7,2.17
2024-08-15 22:00:00,9,1.78
2024-08-15 23:00:00,6,1.84
2024-08-16 00:00:00,8,2.23
2024-08-16 01:00:00,3,1.51
2024-08-16 02:00:00,3,1.89
2024-08-16 03:00:00,0,1.33
2024-08-16 04:00:00,7,2.43
2024-08-16 05:00:00,2,2.34
2024-08-16 06:00:00,6,2.02
2024-08-16 07:00:00,1,0.93
2024-08-16 08:00:00,21,3.67
2024-08-16 09:00:00,51,7.91
2024-08-16 10:00:00,42,6.88
2024-08-16 11:00:00,41,6.62
2024-08-16 12:00:00,44,7.43
2024-08-16 13:00:00,41,6.33
2024-08-16 14:00:00,41,7.45
2024-08-16 15:00:00,68,10.07
2024-08-16 16:00:00,61,7.56
2024-08-16 17:00:00,25,5.4
2024-08-16 18:00:00,34,5.2
2024-08-16 19:00:00,5,1.58
2024-08-16 20:00:00,4,2.24
2024-08-16 21:00:00,0,0.63
2024-08-16 22:00:00,7,1.99
2024-08-16 23:00:00,4,2.76
2024-08-17 00:00:00,4,2.26
2024-08-17 01:00:00,6,2.63
2024-08-17 02:00:00,3,1.53
2024-08-17 03:00:00,5,1.33
2024-08-17 04:00:00,3,2.21
2024-08-17 05:00:00,2,2.21
2024-08-17 06:00:00,6,2.66
2024-08-17 07:00:00,7,2.44
2024-08-17 08:00:00,35,5.22
2024-08-17 09:00:00,32,6.56
2024-08-17 10:00:00,69,10.02
2024-08-17 11:00:00,61,8.73
2024-08-17 12:00:00,49,7.3
2024-08-17 13:00:00,38,6.13
2024-08-17 14:00:00,36,6.35
2024-08-17 15:00:00,38,6.15
2024-08-17 16:00:00,47,7.57
2024-08-17 17:00:00,45,6.98
2024-08-17 18:00:00,56,8.16
2024-08-17 19:00:00,9,2.9
2024-08-17 20:00:00,4,2.28
2024-08-17 21:00:00,6,2.14
2024-08-17 22:00:00,8,2.09
2024-08-17 23:00:00,4,2.15
2024-08-18 00:00:00,0,1.54
2024-08-18 01:00:00,9,2.3
2024-08-18 02:00:00,9,2.16
2024-08-18 03:00:00,0,1.71
2024-08-18 04:00:00,1,1.9
2024-08-18 05:00:00,5,1.92
2024-08-18 06:00:00,8,2.17
2024-08-18 07:00:00,7,1.92
2024-08-18 08:00:00,64,9.37
2024-08-18 09:00:00,20,3.5
2024-08-18 10:00:00,35,6.82
2024-08-18 11:00:00,58,8.25
2024-08-18 12:00:00,24,3.17
2024-08-18 13:00:00,41,6.4
2024-08-18 14:00:00,48,7.22
2024-08-18 15:00:00,22,4.7
2024-08-18 16:00:00,31,5.36
2024-08-18 17:00:00,45,6.48
2024-08-18 18:00:00,35,5.56
2024-08-18 19:00:00,2,1.9
2024-08-18 20:00:00,4,0.9
2024-08-18 21:00:00,5,2.77
2024-08-18 22:00:00,8,2.04
2024-08-18 23:00:00,4,2.69
2024-08-19 00:00:00,0,1.7
2024-08-19 01:00:00,3,2.17
2024-08-19 02:00:00,4,2.55
2024-08-19 03:00:00,9,2.87
2024-08-19 04:00:00,9,2.92
2024-08-19 05:00:00,4,1.9
2024-08-19 06:00:00,6,2.41
2024-08-19 07:00:00,3,1.57
2024-08-19 08:00:00,52,7.57
2024-08-19 09:00:00,49,8.36
2024-08-19 10:00:00,56,7.82
2024-08-19 11:00:00,42,6.62
2024-08-19 12:00:00,29,5.04
2024-08-19 13:00:00,24,4.22
2024-08-19 14:00:00,55,8.36
2024-08-19 15:00:00,53,8.15
2024-08-19 16:00:00,50,7.04
2024-08-19 17:00:00,29,5.03
2024-08-19 18:00:00,38,5.52
2024-08-19 19:00:00,9,2.97
2024-08-19 20:00:00,0,1.59
2024-08-19 21:00:00,7,2.38
2024-08-19 22:00:00,4,2.31
2024-08-19 23:00:00,3,1.72
2024-08-20 00:00:00,7,2.8
2024-08-20 01:00:00,6,1.75
2024-08-20 02:00:00,1,2.33
2024-08-20 03:00:00,0,1.22
2024-08-20 04:00:00,3,1.01
2024-08-20 05:00:00,7,2.18
2024-08-20 06:00:00,1,1.4
2024-08-20 07:00:00,2,1.57
2024-08-20 08:00:00,52,7.86
2024-08-20 09:00:00,52,8.29
2024-08-20 10:00:00,62,8.84
2024-08-20 11:00:00,56,7.87
2024-08-20 12:00:00,31,4.66
2024-08-20 13:00:00,22,3.91
2024-08-20 14:00:00,20,2.96
2024-08-20 15:00:00,52,7.38
2024-08-20 16:00:00,59,9.2
2024-08-20 17:00:00,29,4.57
2024-08-20 18:00:00,62,9.25
2024-08-20 19:00:00,1,1.01
2024-08-20 20:00:00,2,2.63
2024-08-20 21:00:00,1,2.54
2024-08-20 22:00:00,2,2.04
2024-08-20 23:00:00,6,3.22
2024-08-21 00:00:00,0,1.68
2024-08-21 01:00:00,9,2.96
2024-08-21 02:00:00,7,2.97
2024-08-21 03:00:00,9,2.67
2024-08-21 04:00:00,9,1.8
2024-08-21 05:00:00,9,2.97
2024-08-21 06:00:00,1,1.38
2024-08-21 07:00:00,2,1.54
2024-08-21 08:00:00,60,8.85
2024-08-21 09:00:00,26,4.9
2024-08-21 10:00:00,23,4.34
2024-08-21 11:00:00,69,10.1
2024-08-21 12:00:00,64,8.83
2024-08-21 13:00:00,30,5.08
2024-08-21 14:00:00,48,7.68
2024-08-21 15:00:00,55,8.99
2024-08-21 16:00:00,44,7.84
2024-08-21 17:00:00,40,6.52
2024-08-21 18:00:00,55,8.52
2024-08-21 19:00:00,9,3.57
2024-08-21 20:00:00,4,1.64
2024-08-21 21:00:00,8,2.77
2024-08-21 22:00:00,7,2.72
2024-08-21 23:00:00,2,2.46
2024-08-22 00:00:00,0,0.93
2024-08-22 01:00:00,2,1.27
2024-08-22 02:00:00,3,1.87
2024-08-22 03:00:00,1,1.81
2024-08-22 04:00:00,0,2.06
2024-08-22 05:00:00,6,2.48
2024-08-22 06:00:00,7,2.26
2024-08-22 07:00:00,6,2.43
2024-08-22 08:00:00,51,7.77
2024-08-22 09:00:00,56,9.09
2024-08-22 10:00:00,31,5.3
2024-08-22 11:00:00,68,9.47
2024-08-22 12:00:00,32,5.56
2024-08-22 13:00:00,42,6.64
2024-08-22 14:00:00,44,5.99
2024-08-22 15:00:00,54,7.97
2024-08-22 16:00:00,60,8.65
2024-08-22 17:00:00,49,7.11
2024-08-22 18:00:00,36,6.34
2024-08-22 19:00:00,0,1.11
2024-08-22 20:00:00,3,2.09
2024-08-22 21:00:00,8,2.39
2024-08-22 22:00:00,5,2.15
2024-08-22 23:00:00,2,1.95
2024-08-23 00:00:00,0,0.85
2024-08-23 01:00:00,3,1.96
2024-08-23 02:00:00,8,3.6
2024-08-23 03:00:00,2,0.96
2024-08-23 04:00:00,8,2.43
2024-08-23 05:00:00,6,2.78
2024-08-23 06:00:00,3,2.01
2024-08-23 07:00:00,2,2.08
2024-08-23 08:00:00,66,8.23
2024-08-23 09:00:00,35,6.0
2024-08-23 10:00:00,24,4.0
2024-08-23 11:00:00,54,8.13
2024-08-23 12:00:00,31,5.21
2024-08-23 13:00:00,44,7.92
2024-08-23 14:00:00,40,6.57
2024-08-23 15:00:00,55,8.04
2024-08-23 16:00:00,42,5.79
2024-08-23 17:00:00,35,5.76
2024-08-23 18:00:00,58,8.87
2024-08-23 19:00:00,4,1.94
2024-08-23 20:00:00,9,2.33
2024-08-23 21:00:00,9,2.29
2024-08-23 22:00:00,6,2.49
2024-08-23 23:00:00,9,2.96
2024-08-24 00:00:00,4,2.66
2024-08-24 01:00:00,2,1.24
2024-08-24 02:00:00,6,2.48
2024-08-24 03:00:00,1,1.56
2024-08-24 04:00:00,8,2.41
2024-08-24 05:00:00,9,2.78
2024-08-24 06:00:00,9,2.78
2024-08-24 07:00:00,0,1.76
2024-08-24 08:00:00,57,7.81
2024-08-24 09:00:00,26,4.25
2024-08-24 10:00:00,65,10.04
2024-08-24 11:00:00,32,5.23
2024-08-24 12:00:00,59,8.73
2024-08-24 13:00:00,61,9.35
2024-08-24 14:00:00,28,5.09
2024-08-24 15:00:00,69,10.05
2024-08-24 16:00:00,46,7.47
2024-08-24 17:00:00,21,2.96
2024-08-24 18:00:00,24,4.14
2024-08-24 19:00:00,4,2.21
2024-08-24 20:00:00,5,2.79
2024-08-24 21:00:00,2,1.77
2024-08-24 22:00:00,7,1.92
2024-08-24 23:00:00,0,1.09
2024-08-25 00:00:00,5,2.54
2024-08-25 01:00:00,3,1.75
2024-08-25 02:00:00,0,1.5
2024-08-25 03:00:00,6,2.53
2024-08-25 04:00:00,8,1.01
2024-08-25 05:00:00,3,2.86
2024-08-25 06:00:00,3,1.49
2024-08-25 07:00:00,5,2.22
2024-08-25 08:00:00,50,6.65
2024-08-25 09:00:00,38,5.85
2024-08-25 10:00:00,63,9.68
2024-08-25 11:00:00,58,7.5
2024-08-25 12:00:00,46,7.58
2024-08-25 13:00:00,29,4.84
2024-08-25 14:00:00,45,7.14
2024-08-25 15:00:00,38,6.39
2024-08-25 16:00:00,58,8.68
2024-08-25 17:00:00,22,3.71
2024-08-25 18:00:00,64,9.0
2024-08-25 19:00:00,1,0.89
2024-08-25 20:00:00,9,2.83
2024-08-25 21:00:00,3,2.71
2024-08-25 22:00:00,7,1.43
2024-08-25 23:00:00,8,2.08
2024-08-26 00:00:00,6,2.13
2024-08-26 01:00:00,0,1.59
2024-08-26 02:00:00,2,2.18
2024-08-26 03:00:00,8,2.38
2024-08-26 04:00:00,0,1.34
2024-08-26 05:00:00,8,3.01
2024-08-26 06:00:00,7,2.67
2024-08-26 07:00:00,0,1.77
2024-08-26 08:00:00,57,8.4
2024-08-26 09:00:00,25,4.99
2024-08-26 10:00:00,63,8.73
2024-08-26 11:00:00,64,8.78
2024-08-26 12:00:00,51,7.99
2024-08-26 13:00:00,64,8.37
2024-08-26 14:00:00,66,9.47
2024-08-26 15:00:00,40,6.14
2024-08-26 16:00:00,35,5.0
2024-08-26 17:00:00,40,5.83
2024-08-26 18:00:00,30,5.05
2024-08-26 19:00:00,4,2.5
2024-08-26 20:00:00,3,1.53
2024-08-26 21:00:00,2,2.35
2024-08-26 22:00:00,2,1.77
2024-08-26 23:00:00,3,2.52
2024-08-27 00:00:00,8,2.16
2024-08-27 01:00:00,1,1.6
2024-08-27 02:00:00,8,2.64
2024-08-27 03:00:00,0,1.41
2024-08-27 04:00:00,0,1.98
2024-08-27 05:00:00,4,0.88
2024-08-27 06:00:00,5,3.31
2024-08-27 07:00:00,5,2.53
2024-08-27 08:00:00,22,4.05
2024-08-27 09:00:00,35,5.42
2024-08-27 10:00:00,42,6.11
2024-08-27 11:00:00,30,5.42
2024-08-27 12:00:00,31,5.72
2024-08-27 13:00:00,29,4.9
2024-08-27 14:00:00,51,8.17
2024-08-27 15:00:00,35,5.25
2024-08-27 16:00:00,27,4.2
2024-08-27 17:00:00,57,9.25
2024-08-27 18:00:00,31,5.52
2024-08-27 19:00:00,7,3.04
2024-08-27 20:00:00,4,1.55
2024-08-27 21:00:00,7,1.88
2024-08-27 22:00:00,9,2.4
2024-08-27 23:00:00,3,1.45
2024-08-28 00:00:00,9,2.93
2024-08-28 01:00:00,7,1.96
2024-08-28 02:00:00,9,1.99
2024-08-28 03:00:00,1,1.69
2024-08-28 04:00:00,4,1.34
2024-08-28 05:00:00,8,1.56
2024-08-28 06:00:00,3,1.93
2024-08-28 07:00:00,5,1.23
2024-08-28 08:00:00,36,6.21
2024-08-28 09:00:00,28,4.16
2024-08-28 10:00:00,52,6.62
2024-08-28 11:00:00,39,6.03
2024-08-28 12:00:00,32,5.41
2024-08-28 13:00:00,47,7.39
2024-08-28 14:00:00,67,9.63
2024-08-28 15:00:00,48,6.73
2024-08-28 16:00:00,32,5.7
2024-08-28 17:00:00,65,9.78
2024-08-28 18:00:00,54,7.38
2024-08-28 19:00:00,5,2.01
2024-08-28 20:00:00,1,1.48
2024-08-28 21:00:00,2,1.85
2024-08-28 22:00:00,4,1.88
2024-08-28 23:00:00,8,2.43
2024-08-29 00:00:00,1,1.94
2024-08-29 01:00:00,9,2.02
2024-08-29 02:00:00,7,2.71
2024-08-29 03:00:00,1,2.19
2024-08-29 04:00:00,4,2.8
2024-08-29 05:00:00,6,1.15
2024-08-29 06:00:00,7,2.25
2024-08-29 07:00:00,0,0.52
2024-08-29 08:00:00,20,2.68
2024-08-29 09:00:00,37,6.01
2024-08-29 10:00:00,51,7.42
2024-08-29 11:00:00,66,9.57
2024-08-29 12:00:00,68,9.9
2024-08-29 13:00:00,30,5.72
2024-08-29 14:00:00,40,6.33
2024-08-29 15:00:00,45,8.36
2024-08-29 16:00:00,44,6.93
2024-08-29 17:00:00,41,7.34
2024-08-29 18:00:00,46,5.85
2024-08-29 19:00:00,0,2.17
2024-08-29 20:00:00,0,1.41
2024-08-29 21:00:00,1,0.65
2024-08-29 22:00:00,8,2.67
2024-08-29 23:00:00,2,1.59
2024-08-30 00:00:00,0,1.79
2024-08-30 01:00:00,4,2.49
2024-08-30 02:00:00,6,1.48
2024-08-30 03:00:00,5,2.61
2024-08-30 04:00:00,0,1.5
2024-08-30 05:00:00,4,2.66
2024-08-30 06:00:00,4,1.88
2024-08-30 07:00:00,5,1.86
2024-08-30 08:00:00,22,4.15
2024-08-30 09:00:00,42,6.59
2024-08-30 10:00:00,56,7.89
2024-08-30 11:00:00,56,7.97
2024-08-30 12:00:00,29,4.37
2024-08-30 13:00:00,29,4.76
2024-08-30 14:00:00,38,6.4
2024-08-30 15:00:00,36,5.75
2024-08-30 16:00:00,40,6.8
2024-08-30 17:00:00,33,5.37
2024-08-30 18:00:00,28,4.14
2024-08-30 19:00:00,0,1.8
2024-08-30 20:00:00,2,1.4
2024-08-30 21:00:00,3,1.74
2024-08-30 22:00:00,0,2.12
2024-08-30 23:00:00,0,0.92
2024-08-31 00:00:00,7,2.42
2024-08-31 01:00:00,1,1.6
2024-08-31 02:00:00,7,2.69
2024-08-31 03:00:00,6,2.65
2024-08-31 04:00:00,9,2.71
2024-08-31 05:00:00,9,2.4
2024-08-31 06:00:00,1,1.86
2024-08-31 07:00:00,5,2.77
2024-08-31 08:00:00,22,4.13
2024-08-31 09:00:00,69,9.65
2024-08-31 10:00:00,31,5.41
2024-08-31 11:00:00,20,3.92
2024-08-31 12:00:00,63,8.39
2024-08-31 13:00:00,24,4.5
2024-08-31 14:00:00,49,6.71
2024-08-31 15:00:00,49,7.57
2024-08-31 16:00:00,36,5.42
2024-08-31 17:00:00,67,9.56
2024-08-31 18:00:00,66,9.62
2024-08-31 19:00:00,6,3.45
2024-08-31 20:00:00,4,2.35
2024-08-31 21:00:00,4,2.66
2024-08-31 22:00:00,1,2.56
2024-08-31 23:00:00,2,1.98
2024-09-01 00:00:00,6,2.36
2024-09-01 01:00:00,5,1.57
2024-09-01 02:00:00,1,1.56
2024-09-01 03:00:00,5,1.74
2024-09-01 04:00:00,1,1.42
2024-09-01 05:00:00,1,2.56
2024-09-01 06:00:00,1,1.68
2024-09-01 07:00:00,2,1.3
2024-09-01 08:00:00,53,8.55
2024-09-01 09:00:00,57,8.82
2024-09-01 10:00:00,52,8.24
2024-09-01 11:00:00,43,5.66
2024-09-01 12:00:00,34,6.55
2024-09-01 13:00:00,49,7.1
2024-09-01 14:00:00,61,9.21
2024-09-01 15:00:00,36,7.08
2024-09-01 16:00:00,24,5.46
2024-09-01 17:00:00,48,6.77
2024-09-01 18:00:00,23,3.54
2024-09-01 19:00:00,9,3.3
2024-09-01 20:00:00,7,2.41
2024-09-01 21:00:00,0,1.25
2024-09-01 22:00:00,9,2.89
2024-09-01 23:00:00,0,1.42
2024-09-02 00:00:00,3,2.21
2024-09-02 01:00:00,7,2.37
2024-09-02 02:00:00,4,2.34
2024-09-02 03:00:00,1,1.17
2024-09-02 04:00:00,5,2.81
2024-09-02 05:00:00,4,2.33
2024-09-02 06:00:00,1,1.94
2024-09-02 07:00:00,2,1.18
2024-09-02 08:00:00,66,10.27
2024-09-02 09:00:00,42,6.53
2024-09-02 10:00:00,35,6.06
2024-09-02 11:00:00,50,7.34
2024-09-02 12:00:00,30,5.23
2024-09-02 13:00:00,35,5.85
2024-09-02 14:00:00,27,3.33
2024-09-02 15:00:00,23,4.55
2024-09-02 16:00:00,59,9.56
2024-09-02 17:00:00,23,4.53
2024-09-02 18:00:00,44,6.3
2024-09-02 19:00:00,2,2.06
2024-09-02 20:00:00,2,2.27
2024-09-02 21:00:00,1,1.88
2024-09-02 22:00:00,9,2.54
2024-09-02 23:00:00,2,1.62
2024-09-03 00:00:00,2,1.62
2024-09-03 01:00:00,4,2.33
2024-09-03 02:00:00,4,1.28
2024-09-03 03:00:00,1,1.43
2024-09-03 04:00:00,9,3.38
2024-09-03 05:00:00,5,2.92
2024-09-03 06:00:00,4,1.24
2024-09-03 07:00:00,5,1.53
2024-09-03 08:00:00,20,3.76
2024-09-03 09:00:00,24,4.83
2024-09-03 10:00:00,60,7.79
2024-09-03 11:00:00,31,5.19
2024-09-03 12:00:00,45,6.66
2024-09-03 13:00:00,65,9.96
2024-09-03 14:00:00,53,7.02
2024-09-03 15:00:00,68,9.71
2024-09-03 16:00:00,33,5.26
2024-09-03 17:00:00,45,7.63
2024-09-03 18:00:00,64,9.48
2024-09-03 19:00:00,8,2.17
2024-09-03 20:00:00,9,3.01
2024-09-03 21:00:00,8,2.27
2024-09-03 22:00:00,8,2.96
2024-09-03 23:00:00,5,1.98
2024-09-04 00:00:00,7,2.87
2024-09-04 01:00:00,0,1.72
2024-09-04 02:00:00,9,4.21
2024-09-04 03:00:00,3,1.83
2024-09-04 04:00:00,0,1.69
2024-09-04 05:00:00,7,2.1
2024-09-04 06:00:00,0,1.5
2024-09-04 07:00:00,2,0.39
2024-09-04 08:00:00,34,5.81
2024-09-04 09:00:00,66,10.09
2024-09-04 10:00:00,41,6.62
2024-09-04 11:00:00,33,4.8
2024-09-04 12:00:00,45,6.5
2024-09-04 13:00:00,47,5.92
2024-09-04 14:00:00,42,7.03
2024-09-04 15:00:00,33,4.96
2024-09-04 16:00:00,43,6.65
2024-09-04 17:00:00,21,3.94
2024-09-04 18:00:00,64,9.92
2024-09-04 19:00:00,9,2.62
2024-09-04 20:00:00,7,2.74
2024-09-04 21:00:00,2,2.01
2024-09-04 22:00:00,6,2.9
2024-09-04 23:00:00,2,1.62
2024-09-05 00:00:00,6,3.15
2024-09-05 01:00:00,1,0.63
2024-09-05 02:00:00,9,3.01
2024-09-05 03:00:00,5,1.67
2024-09-05 04:00:00,2,1.49
2024-09-05 05:00:00,2,2.02
2024-09-05 06:00:00,8,2.74
2024-09-05 07:00:00,6,2.52
2024-09-05 08:00:00,56,7.53
2024-09-05 09:00:00,47,7.86
2024-09-05 10:00:00,29,4.53
2024-09-05 11:00:00,58,8.08
2024-09-05 12:00:00,36,6.14
2024-09-05 13:00:00,58,8.32
2024-09-05 14:00:00,41,6.57
2024-09-05 15:00:00,45,5.82
2024-09-05 16:00:00,63,9.2
2024-09-05 17:00:00,44,6.89
2024-09-05 18:00:00,36,5.57
2024-09-05 19:00:00,3,0.82
2024-09-05 20:00:00,8,2.35
2024-09-05 21:00:00,3,1.84
2024-09-05 22:00:00,9,2.4
2024-09-05 23:00:00,2,0.82
2024-09-06 00:00:00,8,3.26
2024-09-06 01:00:00,1,1.3
2024-09-06 02:00:00,3,1.75
2024-09-06 03:00:00,5,0.9
2024-09-06 04:00:00,1,2.42
2024-09-06 05:00:00,7,2.11
2024-09-06 06:00:00,7,2.39
2024-09-06 07:00:00,0,2.06
2024-09-06 08:00:00,63,8.72
2024-09-06 09:00:00,38,6.54
2024-09-06 10:00:00,61,7.79
2024-09-06 11:00:00,60,8.98
2024-09-06 12:00:00,56,9.01
2024-09-06 13:00:00,25,4.21
2024-09-06 14:00:00,45,7.46
2024-09-06 15:00:00,53,8.78
2024-09-06 16:00:00,64,9.05
2024-09-06 17:00:00,25,4.33
2024-09-06 18:00:00,56,7.77
2024-09-06 19:00:00,8,2.21
2024-09-06 20:00:00,0,1.09
2024-09-06 21:00:00,4,1.53
2024-09-06 22:00:00,5,2.7
2024-09-06 23:00:00,4,1.59
2024-09-07 00:00:00,5,2.23
2024-09-07 01:00:00,5,2.12
2024-09-07 02:00:00,6,2.97
2024-09-07 03:00:00,3,1.61
2024-09-07 04:00:00,7,2.53
2024-09-07 05:00:00,6,2.62
2024-09-07 06:00:00,8,3.2
2024-09-07 07:00:00,6,1.96
2024-09-07 08:00:00,22,3.83
2024-09-07 09:00:00,50,6.97
2024-09-07 10:00:00,59,9.7
2024-09-07 11:00:00,56,8.91
2024-09-07 12:00:00,55,8.08
2024-09-07 13:00:00,43,7.63
2024-09-07 14:00:00,50,7.45
2024-09-07 15:00:00,25,4.86
2024-09-07 16:00:00,21,4.03
2024-09-07 17:00:00,39,6.38
2024-09-07 18:00:00,47,7.29
2024-09-07 19:00:00,3,1.65
2024-09-07 20:00:00,5,2.65
2024-09-07 21:00:00,5,2.46
2024-09-07 22:00:00,0,2.01
2024-09-07 23:00:00,7,2.5
2024-09-08 00:00:00,5,1.65
2024-09-08 01:00:00,2,2.59
2024-09-08 02:00:00,8,2.33
2024-09-08 03:00:00,1,1.8
2024-09-08 04:00:00,7,2.66
2024-09-08 05:00:00,9,2.76
2024-09-08 06:00:00,2,2.2
2024-09-08 07:00:00,4,2.52
2024-09-08 08:00:00,25,4.39
2024-09-08 09:00:00,45,7.71
2024-09-08 10:00:00,23,4.13
2024-09-08 11:00:00,38,6.23
2024-09-08 12:00:00,39,5.99
2024-09-08 13:00:00,52,7.4
2024-09-08 14:00:00,39,6.7
2024-09-08 15:00:00,68,11.22
2024-09-08 16:00:00,31,5.04
2024-09-08 17:00:00,66,10.03
2024-09-08 18:00:00,20,3.74
2024-09-08 19:00:00,9,2.57
2024-09-08 20:00:00,5,2.98
2024-09-08 21:00:00,4,1.44
2024-09-08 22:00:00,3,1.19
2024-09-08 23:00:00,2,1.7
2024-09-09 00:00:00,0,1.83
2024-09-09 01:00:00,5,2.33
2024-09-09 02:00:00,1,1.8
2024-09-09 03:00:00,7,2.36
2024-09-09 04:00:00,9,2.97
2024-09-09 05:00:00,4,0.52
2024-09-09 06:00:00,6,1.84
2024-09-09 07:00:00,9,2.53
2024-09-09 08:00:00,63,9.41
2024-09-09 09:00:00,21,4.76
2024-09-09 10:00:00,32,4.9
2024-09-09 11:00:00,59,9.31
2024-09-09 12:00:00,21,3.79
2024-09-09 13:00:00,39,6.12
2024-09-09 14:00:00,20,4.19
2024-09-09 15:00:00,56,8.12
2024-09-09 16:00:00,28,5.42
2024-09-09 17:00:00,36,5.62
2024-09-09 18:00:00,28,4.67
2024-09-09 19:00:00,7,2.87
2024-09-09 20:00:00,5,1.72
2024-09-09 21:00:00,6,2.34
2024-09-09 22:00:00,2,0.91
2024-09-09 23:00:00,0,2.41
2024-09-10 00:00:00,4,2.58
2024-09-10 01:00:00,1,3.0
2024-09-10 02:00:00,4,2.65
2024-09-10 03:00:00,7,1.78
2024-09-10 04:00:00,8,2.79
2024-09-10 05:00:00,1,1.16
2024-09-10 06:00:00,2,2.53
2024-09-10 07:00:00,2,1.19
2024-09-10 08:00:00,20,3.33
2024-09-10 09:00:00,59,7.78
2024-09-10 10:00:00,41,6.18
2024-09-10 11:00:00,48,6.92
2024-09-10 12:00:00,27,4.11
2024-09-10 13:00:00,30,6.09
2024-09-10 14:00:00,60,8.96
2024-09-10 15:00:00,56,8.43
2024-09-10 16:00:00,33,6.25
2024-09-10 17:00:00,49,7.51
2024-09-10 18:00:00,54,7.61
2024-09-10 19:00:00,4,1.13
2024-09-10 20:00:00,4,1.58
2024-09-10 21:00:00,4,2.73
2024-09-10 22:00:00,2,1.11
2024-09-10 23:00:00,9,2.76
2024-09-11 00:00:00,3,2.38
2024-09-11 01:00:00,8,2.6
2024-09-11 02:00:00,9,2.78
2024-09-11 03:00:00,8,2.79
2024-09-11 04:00:00,1,1.81
2024-09-11 05:00:00,7,3.14
2024-09-11 06:00:00,7,1.82
2024-09-11 07:00:00,6,2.34
2024-09-11 08:00:00,59,7.67
2024-09-11 09:00:00,33,4.42
2024-09-11 10:00:00,51,7.58
2024-09-11 11:00:00,57,8.61
2024-09-11 12:00:00,52,8.56
2024-09-11 13:00:00,42,7.75
2024-09-11 14:00:00,34,6.24
2024-09-11 15:00:00,52,8.1
2024-09-11 16:00:00,44,6.86
2024-09-11 17:00:00,36,5.05
2024-09-11 18:00:00,52,7.67
2024-09-11 19:00:00,6,2.87
2024-09-11 20:00:00,1,2.07
2024-09-11 21:00:00,4,1.34
2024-09-11 22:00:00,7,2.65
2024-09-11 23:00:00,7,2.6
2024-09-12 00:00:00,2,1.91
2024-09-12 01:00:00,6,2.21
2024-09-12 02:00:00,2,2.07
2024-09-12 03:00:00,5,2.45
2024-09-12 04:00:00,5,1.78
2024-09-12 05:00:00,2,1.97
2024-09-12 06:00:00,6,2.13
2024-09-12 07:00:00,2,1.0
2024-09-12 08:00:00,27,4.46
2024-09-12 09:00:00,61,8.04
2024-09-12 10:00:00,34,6.07
2024-09-12 11:00:00,66,9.6
2024-09-12 12:00:00,48,7.08
2024-09-12 13:00:00,52,8.45
2024-09-12 14:00:00,49,7.41
2024-09-12 15:00:00,58,7.74
2024-09-12 16:00:00,46,6.8
2024-09-12 17:00:00,55,8.92
2024-09-12 18:00:00,48,6.93
2024-09-12 19:00:00,5,2.24
2024-09-12 20:00:00,8,2.83
2024-09-12 21:00:00,0,1.79
2024-09-12 22:00:00,4,3.2
2024-09-12 23:00:00,6,1.63
2024-09-13 00:00:00,0,0.96
2024-09-13 01:00:00,3,1.28
2024-09-13 02:00:00,5,1.95
2024-09-13 03:00:00,1,2.17
2024-09-13 04:00:00,9,2.06
2024-09-13 05:00:00,4,2.54
2024-09-13 06:00:00,9,2.6
2024-09-13 07:00:00,0,0.95
2024-09-13 08:00:00,57,7.46
2024-09-13 09:00:00,32,4.58
2024-09-13 10:00:00,50,7.17
2024-09-13 11:00:00,66,9.34
2024-09-13 12:00:00,55,8.77
2024-09-13 13:00:00,64,9.58
2024-09-13 14:00:00,43,6.24
2024-09-13 15:00:00,34,5.78
2024-09-13 16:00:00,48,8.09
2024-09-13 17:00:00,27,5.68
2024-09-13 18:00:00,24,4.22
2024-09-13 19:00:00,3,2.34
2024-09-13 20:00:00,1,2.31
2024-09-13 21:00:00,2,0.99
2024-09-13 22:00:00,2,1.48
2024-09-13 23:00:00,3,2.97
2024-09-14 00:00:00,3,1.71
2024-09-14 01:00:00,9,1.12
2024-09-14 02:00:00,4,1.92
2024-09-14 03:00:00,3,2.42
2024-09-14 04:00:00,9,2.58
2024-09-14 05:00:00,7,2.7
2024-09-14 06:00:00,5,2.57
2024-09-14 07:00:00,5,1.92
2024-09-14 08:00:00,27,4.48
2024-09-14 09:00:00,42,6.62
2024-09-14 10:00:00,66,9.51
2024-09-14 11:00:00,45,6.93
2024-09-14 12:00:00,65,9.35
2024-09-14 13:00:00,62,8.57
2024-09-14 14:00:00,31,5.6
2024-09-14 15:00:00,45,7.2
2024-09-14 16:00:00,32,4.67
2024-09-14 17:00:00,59,8.39
2024-09-14 18:00:00,37,5.99
2024-09-14 19:00:00,8,2.19
2024-09-14 20:00:00,0,1.82
2024-09-14 21:00:00,7,2.31
2024-09-14 22:00:00,3,1.94
2024-09-14 23:00:00,3,1.66
2024-09-15 00:00:00,4,0.98
2024-09-15 01:00:00,7,1.31
2024-09-15 02:00:00,4,2.27
2024-09-15 03:00:00,7,2.47
2024-09-15 04:00:00,9,2.8
2024-09-15 05:00:00,0,1.57
2024-09-15 06:00:00,9,2.69
2024-09-15 07:00:00,8,2.94
2024-09-15 08:00:00,48,7.48
2024-09-15 09:00:00,33,5.98
2024-09-15 10:00:00,59,8.67
2024-09-15 11:00:00,60,8.55
2024-09-15 12:00:00,41,6.52
2024-09-15 13:00:00,30,4.68
2024-09-15 14:00:00,42,6.35
2024-09-15 15:00:00,20,3.99
2024-09-15 16:00:00,65,9.38
2024-09-15 17:00:00,56,8.17
2024-09-15 18:00:00,40,5.61
2024-09-15 19:00:00,9,2.9
2024-09-15 20:00:00,3,2.28
2024-09-15 21:00:00,5,2.92
2024-09-15 22:00:00,6,2.44
2024-09-15 23:00:00,8,2.46
2024-09-16 00:00:00,0,0.99
2024-09-16 01:00:00,5,2.85
2024-09-16 02:00:00,6,2.34
2024-09-16 03:00:00,2,1.84
2024-09-16 04:00:00,7,2.21
2024-09-16 05:00:00,4,1.82
2024-09-16 06:00:00,8,2.8
2024-09-16 07:00:00,4,1.47
2024-09-16 08:00:00,28,5.67
2024-09-16 09:00:00,29,5.68
2024-09-16 10:00:00,45,6.72
2024-09-16 11:00:00,60,8.27
2024-09-16 12:00:00,54,6.97
2024-09-16 13:00:00,44,6.15
2024-09-16 14:00:00,45,7.26
2024-09-16 15:00:00,30,5.26
2024-09-16 16:00:00,57,8.59
2024-09-16 17:00:00,21,3.1
2024-09-16 18:00:00,26,4.42
2024-09-16 19:00:00,1,2.3
2024-09-16 20:00:00,1,1.57
2024-09-16 21:00:00,0,0.86
2024-09-16 22:00:00,2,1.68
2024-09-16 23:00:00,5,1.71
2024-09-17 00:00:00,7,2.51
2024-09-17 01:00:00,8,2.47
2024-09-17 02:00:00,6,2.49
2024-09-17 03:00:00,3,1.25
2024-09-17 04:00:00,5,1.88
2024-09-17 05:00:00,4,2.53
2024-09-17 06:00:00,7,1.66
2024-09-17 07:00:00,0,1.0
2024-09-17 08:00:00,68,9.76
2024-09-17 09:00:00,48,7.4
2024-09-17 10:00:00,62,8.7
2024-09-17 11:00:00,41,6.28
2024-09-17 12:00:00,45,7.17
2024-09-17 13:00:00,47,7.56
2024-09-17 14:00:00,69,9.25
2024-09-17 15:00:00,40,6.48
2024-09-17 16:00:00,68,10.42
2024-09-17 17:00:00,26,4.56
2024-09-17 18:00:00,36,5.28
2024-09-17 19:00:00,3,1.3
2024-09-17 20:00:00,8,2.38
2024-09-17 21:00:00,0,2.02
2024-09-17 22:00:00,3,1.84
2024-09-17 23:00:00,5,2.19
2024-09-18 00:00:00,5,1.6
2024-09-18 01:00:00,7,2.83
2024-09-18 02:00:00,0,0.93
2024-09-18 03:00:00,6,1.97
2024-09-18 04:00:00,0,1.81
2024-09-18 05:00:00,6,1.2
2024-09-18 06:00:00,2,1.83
2024-09-18 07:00:00,7,1.82
2024-09-18 08:00:00,38,6.07
2024-09-18 09:00:00,51,7.44
2024-09-18 10:00:00,49,8.43
2024-09-18 11:00:00,48,7.06
2024-09-18 12:00:00,68,10.58
2024-09-18 13:00:00,64,9.47
2024-09-18 14:00:00,48,6.86
2024-09-18 15:00:00,49,7.55
2024-09-18 16:00:00,35,5.55
2024-09-18 17:00:00,59,8.7
2024-09-18 18:00:00,38,5.7
2024-09-18 19:00:00,1,2.47
2024-09-18 20:00:00,0,1.96
2024-09-18 21:00:00,2,1.76
2024-09-18 22:00:00,1,2.48
2024-09-18 23:00:00,1,1.66
2024-09-19 00:00:00,5,2.65
2024-09-19 01:00:00,0,1.52
2024-09-19 02:00:00,1,1.82
2024-09-19 03:00:00,5,2.06
2024-09-19 04:00:00,2,1.79
2024-09-19 05:00:00,3,1.95
2024-09-19 06:00:00,0,1.17
2024-09-19 07:00:00,7,2.14
2024-09-19 08:00:00,48,7.15
2024-09-19 09:00:00,58,8.57
2024-09-19 10:00:00,22,4.12
2024-09-19 11:00:00,51,8.21
2024-09-19 12:00:00,29,5.4
2024-09-19 13:00:00,29,4.88
2024-09-19 14:00:00,38,6.75
2024-09-19 15:00:00,65,10.24
2024-09-19 16:00:00,53,6.84
2024-09-19 17:00:00,52,8.21
2024-09-19 18:00:00,42,6.19
2024-09-19 19:00:00,6,2.62
2024-09-19 20:00:00,1,2.24
2024-09-19 21:00:00,6,1.78
2024-09-19 22:00:00,7,1.41
2024-09-19 23:00:00,0,1.92
2024-09-20 00:00:00,8,2.53
2024-09-20 01:00:00,6,1.39
2024-09-20 02:00:00,2,3.0
2024-09-20 03:00:00,7,2.65
2024-09-20 04:00:00,6,2.56
2024-09-20 05:00:00,7,3.02
2024-09-20 06:00:00,5,1.81
2024-09-20 07:00:00,8,2.53
2024-09-20 08:00:00,66,8.76
2024-09-20 09:00:00,56,7.92
2024-09-20 10:00:00,22,4.33
2024-09-20 11:00:00,52,6.91
2024-09-20 12:00:00,47,6.82
2024-09-20 13:00:00,66,8.96
2024-09-20 14:00:00,27,4.81
2024-09-20 15:00:00,53,8.15
2024-09-20 16:00:00,54,8.35
2024-09-20 17:00:00,51,8.12
2024-09-20 18:00:00,43,7.35
2024-09-20 19:00:00,7,2.64
2024-09-20 20:00:00,3,2.8
2024-09-20 21:00:00,3,1.92
2024-09-20 22:00:00,4,1.89
2024-09-20 23:00:00,5,2.4
2024-09-21 00:00:00,4,1.87
2024-09-21 01:00:00,6,3.15
2024-09-21 02:00:00,1,2.19
2024-09-21 03:00:00,6,2.6
2024-09-21 04:00:00,9,2.65
2024-09-21 05:00:00,6,2.02
2024-09-21 06:00:00,0,1.85
2024-09-21 07:00:00,6,1.66
2024-09-21 08:00:00,40,7.07
2024-09-21 09:00:00,38,5.97
2024-09-21 10:00:00,67,9.69
2024-09-21 11:00:00,38,5.61
2024-09-21 12:00:00,55,8.46
2024-09-21 13:00:00,48,7.03
2024-09-21 14:00:00,37,6.26
2024-09-21 15:00:00,21,4.4
2024-09-21 16:00:00,20,3.58
2024-09-21 17:00:00,66,8.86
2024-09-21 18:00:00,24,5.15
2024-09-21 19:00:00,3,1.76
2024-09-21 20:00:00,9,2.69
2024-09-21 21:00:00,1,1.86
2024-09-21 22:00:00,2,1.11
2024-09-21 23:00:00,6,2.45
2024-09-22 00:00:00,6,2.27
2024-09-22 01:00:00,3,1.54
2024-09-22 02:00:00,4,1.4
2024-09-22 03:00:00,4,2.28
2024-09-22 04:00:00,5,2.66
2024-09-22 05:00:00,8,2.55
2024-09-22 06:00:00,1,0.9
2024-09-22 07:00:00,4,1.45
2024-09-22 08:00:00,63,8.84
2024-09-22 09:00:00,54,8.76
2024-09-22 10:00:00,41,6.3
2024-09-22 11:00:00,63,8.83
2024-09-22 12:00:00,43,5.82
2024-09-22 13:00:00,36,5.49
2024-09-22 14:00:00,29,4.36
2024-09-22 15:00:00,49,6.88
2024-09-22 16:00:00,65,9.36
2024-09-22 17:00:00,42,6.34
2024-09-22 18:00:00,51,8.47
2024-09-22 19:00:00,0,2.04
2024-09-22 20:00:00,1,1.32
2024-09-22 21:00:00,2,1.28
2024-09-22 22:00:00,0,2.19
2024-09-22 23:00:00,8,3.29
2024-09-23 00:00:00,7,1.24
2024-09-23 01:00:00,1,1.67
2024-09-23 02:00:00,8,2.33
2024-09-23 03:00:00,6,2.54
2024-09-23 04:00:00,8,3.43
2024-09-23 05:00:00,5,1.86
2024-09-23 06:00:00,5,1.07
2024-09-23 07:00:00,3,2.15
2024-09-23 08:00:00,45,7.59
2024-09-23 09:00:00,48,7.11
2024-09-23 10:00:00,64,8.83
2024-09-23 11:00:00,53,7.64
2024-09-23 12:00:00,42,6.97
2024-09-23 13:00:00,56,7.99
2024-09-23 14:00:00,30,5.26
2024-09-23 15:00:00,25,4.51
2024-09-23 16:00:00,37,5.9
2024-09-23 17:00:00,40,6.65
2024-09-23 18:00:00,61,8.58
2024-09-23 19:00:00,3,1.64
2024-09-23 20:00:00,8,2.86
2024-09-23 21:00:00,5,1.61
2024-09-23 22:00:00,1,1.18
2024-09-23 23:00:00,0,0.87
2024-09-24 00:00:00,4,2.4
2024-09-24 01:00:00,8,2.41
2024-09-24 02:00:00,5,1.44
2024-09-24 03:00:00,9,3.01
2024-09-24 04:00:00,6,1.94
2024-09-24 05:00:00,4,1.54
2024-09-24 06:00:00,9,2.48
2024-09-24 07:00:00,5,2.84
2024-09-24 08:00:00,40,6.1
2024-09-24 09:00:00,46,7.31
2024-09-24 10:00:00,50,7.86
2024-09-24 11:00:00,25,4.72
2024-09-24 12:00:00,46,7.66
2024-09-24 13:00:00,59,8.23
2024-09-24 14:00:00,53,7.34
2024-09-24 15:00:00,31,4.69
2024-09-24 16:00:00,64,9.11
2024-09-24 17:00:00,26,4.15
2024-09-24 18:00:00,29,5.05
2024-09-24 19:00:00,0,1.54
2024-09-24 20:00:00,9,3.09
2024-09-24 21:00:00,4,2.13
2024-09-24 22:00:00,9,2.37
2024-09-24 23:00:00,1,1.83
2024-09-25 00:00:00,5,1.58
2024-09-25 01:00:00,0,1.48
2024-09-25 02:00:00,2,1.9
2024-09-25 03:00:00,4,2.04
2024-09-25 04:00:00,3,2.07
2024-09-25 05:00:00,2,1.42
2024-09-25 06:00:00,9,3.16
2024-09-25 07:00:00,4,2.89
2024-09-25 08:00:00,30,4.3
2024-09-25 09:00:00,59,7.97
2024-09-25 10:00:00,30,5.12
2024-09-25 11:00:00,55,7.97
2024-09-25 12:00:00,68,10.61
2024-09-25 13:00:00,58,8.57
2024-09-25 14:00:00,59,9.28
2024-09-25 15:00:00,54,6.96
2024-09-25 16:00:00,53,8.27
2024-09-25 17:00:00,66,9.06
2024-09-25 18:00:00,43,6.29
2024-09-25 19:00:00,5,1.98
2024-09-25 20:00:00,5,1.39
2024-09-25 21:00:00,4,2.2
2024-09-25 22:00:00,7,2.44
2024-09-25 23:00:00,0,1.63
2024-09-26 00:00:00,9,3.02
2024-09-26 01:00:00,3,2.62
2024-09-26 02:00:00,3,1.68
2024-09-26 03:00:00,2,1.98
2024-09-26 04:00:00,2,1.89
2024-09-26 05:00:00,3,2.05
2024-09-26 06:00:00,0,1.7
2024-09-26 07:00:00,1,2.42
2024-09-26 08:00:00,28,4.63
2024-09-26 09:00:00,45,6.14
2024-09-26 10:00:00,21,3.67
2024-09-26 11:00:00,28,5.24
2024-09-26 12:00:00,28,4.87
2024-09-26 13:00:00,59,8.35
2024-09-26 14:00:00,36,5.28
2024-09-26 15:00:00,20,4.01
2024-09-26 16:00:00,44,7.1
2024-09-26 17:00:00,62,9.09
2024-09-26 18:00:00,59,8.45
2024-09-26 19:00:00,9,2.65
2024-09-26 20:00:00,8,2.53
2024-09-26 21:00:00,6,2.31
2024-09-26 22:00:00,2,1.15
2024-09-26 23:00:00,2,1.84
2024-09-27 00:00:00,1,1.4
2024-09-27 01:00:00,4,2.5
2024-09-27 02:00:00,2,1.81
2024-09-27 03:00:00,5,2.52
2024-09-27 04:00:00,1,1.47
2024-09-27 05:00:00,2,1.61
2024-09-27 06:00:00,4,2.73
2024-09-27 07:00:00,0,1.72
2024-09-27 08:00:00,36,5.46
2024-09-27 09:00:00,29,5.43
2024-09-27 10:00:00,68,9.39
2024-09-27 11:00:00,66,9.53
2024-09-27 12:00:00,31,6.14
2024-09-27 13:00:00,35,4.98
2024-09-27 14:00:00,43,6.57
2024-09-27 15:00:00,38,6.26
2024-09-27 16:00:00,27,5.12
2024-09-27 17:00:00,50,6.88
2024-09-27 18:00:00,40,5.53
2024-09-27 19:00:00,0,2.05
2024-09-27 20:00:00,6,1.86
2024-09-27 21:00:00,4,1.6
2024-09-27 22:00:00,5,2.88
2024-09-27 23:00:00,5,2.13
2024-09-28 00:00:00,7,2.38
2024-09-28 01:00:00,8,2.37
2024-09-28 02:00:00,1,1.01
2024-09-28 03:00:00,8,2.8
2024-09-28 04:00:00,9,2.78
2024-09-28 05:00:00,8,2.54
2024-09-28 06:00:00,9,2.52
2024-09-28 07:00:00,9,2.43
2024-09-28 08:00:00,35,6.16
2024-09-28 09:00:00,26,4.55
2024-09-28 10:00:00,36,5.79
2024-09-28 11:00:00,42,6.8
2024-09-28 12:00:00,45,7.0
2024-09-28 13:00:00,40,7.12
2024-09-28 14:00:00,41,5.54
2024-09-28 15:00:00,26,4.77
2024-09-28 16:00:00,33,5.11
2024-09-28 17:00:00,34,5.11
2024-09-28 18:00:00,26,4.39
2024-09-28 19:00:00,8,2.49
2024-09-28 20:00:00,2,1.79
2024-09-28 21:00:00,7,1.58
2024-09-28 22:00:00,1,1.35
2024-09-28 23:00:00,6,2.36
2024-09-29 00:00:00,1,1.18
2024-09-29 01:00:00,3,1.3
2024-09-29 02:00:00,6,1.09
2024-09-29 03:00:00,2,1.41
2024-09-29 04:00:00,1,1.05
2024-09-29 05:00:00,9,2.09
2024-09-29 06:00:00,6,2.08
2024-09-29 07:00:00,0,1.2
2024-09-29 08:00:00,33,4.88
2024-09-29 09:00:00,50,6.44
2024-09-29 10:00:00,43,6.81
2024-09-29 11:00:00,54,8.36
2024-09-29 12:00:00,63,8.86
2024-09-29 13:00:00,64,9.05
2024-09-29 14:00:00,53,7.86
2024-09-29 15:00:00,22,4.93
2024-09-29 16:00:00,56,7.44
2024-09-29 17:00:00,62,8.73
2024-09-29 18:00:00,59,7.72
2024-09-29 19:00:00,9,2.76
2024-09-29 20:00:00,6,2.15
2024-09-29 21:00:00,6,2.32
2024-09-29 22:00:00,6,2.3
2024-09-29 23:00:00,7,2.84
2024-09-30 00:00:00,0,1.77
2024-09-30 01:00:00,3,2.28
2024-09-30 02:00:00,5,1.57
2024-09-30 03:00:00,8,3.06
2024-09-30 04:00:00,1,1.26
2024-09-30 05:00:00,0,1.17
2024-09-30 06:00:00,9,2.72
2024-09-30 07:00:00,1,1.77
2024-09-30 08:00:00,54,7.44
2024-09-30 09:00:00,61,8.73
2024-09-30 10:00:00,53,8.6
2024-09-30 11:00:00,49,6.65
2024-09-30 12:00:00,32,6.08
2024-09-30 13:00:00,32,5.22
2024-09-30 14:00:00,37,4.77
2024-09-30 15:00:00,51,6.94
2024-09-30 16:00:00,51,7.14
2024-09-30 17:00:00,54,7.67
2024-09-30 18:00:00,58,8.41
2024-09-30 19:00:00,3,0.51
2024-09-30 20:00:00,0,1.59
2024-09-30 21:00:00,4,1.45
2024-09-30 22:00:00,8,3.16
2024-09-30 23:00:00,7,2.2
2024-10-01 00:00:00,8,2.93
2024-10-01 01:00:00,9,3.14
2024-10-01 02:00:00,8,3.0
2024-10-01 03:00:00,6,1.94
2024-10-01 04:00:00,3,1.57
2024-10-01 05:00:00,4,1.87
2024-10-01 06:00:00,0,1.82
2024-10-01 07:00:00,0,1.24
2024-10-01 08:00:00,22,4.08
2024-10-01 09:00:00,64,9.32
2024-10-01 10:00:00,33,5.01
2024-10-01 11:00:00,49,6.9
2024-10-01 12:00:00,69,9.7
2024-10-01 13:00:00,23,4.25
2024-10-01 14:00:00,37,6.16
2024-10-01 15:00:00,56,8.56
2024-10-01 16:00:00,44,6.23
2024-10-01 17:00:00,67,9.13
2024-10-01 18:00:00,20,3.41
2024-10-01 19:00:00,4,2.69
2024-10-01 20:00:00,8,2.4
2024-10-01 21:00:00,0,1.51
2024-10-01 22:00:00,8,2.49
2024-10-01 23:00:00,7,1.98
2024-10-02 00:00:00,3,2.64
2024-10-02 01:00:00,9,2.79
2024-10-02 02:00:00,4,2.0
2024-10-02 03:00:00,4,1.43
2024-10-02 04:00:00,5,1.52
2024-10-02 05:00:00,6,2.07
2024-10-02 06:00:00,7,1.99
2024-10-02 07:00:00,7,1.81
2024-10-02 08:00:00,30,4.91
2024-10-02 09:00:00,32,5.23
2024-10-02 10:00:00,53,7.93
2024-10-02 11:00:00,44,6.53
2024-10-02 12:00:00,26,4.12
2024-10-02 13:00:00,23,3.77
2024-10-02 14:00:00,27,5.35
2024-10-02 15:00:00,39,5.55
2024-10-02 16:00:00,48,7.44
2024-10-02 17:00:00,64,9.44
2024-10-02 18:00:00,65,9.24
2024-10-02 19:00:00,9,3.46
2024-10-02 20:00:00,1,1.87
2024-10-02 21:00:00,8,3.38
2024-10-02 22:00:00,9,2.25
2024-10-02 23:00:00,8,2.14
2024-10-03 00:00:00,0,1.76
2024-10-03 01:00:00,9,2.45
2024-10-03 02:00:00,2,2.58
2024-10-03 03:00:00,7,2.51
2024-10-03 04:00:00,5,1.58
2024-10-03 05:00:00,4,1.11
2024-10-03 06:00:00,4,1.94
2024-10-03 07:00:00,5,2.06
2024-10-03 08:00:00,66,9.58
2024-10-03 09:00:00,42,7.15
2024-10-03 10:00:00,68,10.2
2024-10-03 11:00:00,28,4.57
2024-10-03 12:00:00,54,7.33
2024-10-03 13:00:00,39,5.56
2024-10-03 14:00:00,68,9.29
2024-10-03 15:00:00,61,8.64
2024-10-03 16:00:00,54,8.13
2024-10-03 17:00:00,69,9.38
2024-10-03 18:00:00,37,6.08
2024-10-03 19:00:00,0,1.68
2024-10-03 20:00:00,7,2.41
2024-10-03 21:00:00,2,1.18
2024-10-03 22:00:00,2,1.97
2024-10-03 23:00:00,5,3.14
2024-10-04 00:00:00,7,2.46
2024-10-04 01:00:00,8,0.98
2024-10-04 02:00:00,8,3.08
2024-10-04 03:00:00,3,1.51
2024-10-04 04:00:00,4,3.11
2024-10-04 05:00:00,1,1.68
2024-10-04 06:00:00,8,1.62
2024-10-04 07:00:00,7,1.31
2024-10-04 08:00:00,22,4.91
2024-10-04 09:00:00,47,7.69
2024-10-04 10:00:00,48,8.37
2024-10-04 11:00:00,28,4.87
2024-10-04 12:00:00,22,4.11
2024-10-04 13:00:00,44,6.59
2024-10-04 14:00:00,53,7.53
2024-10-04 15:00:00,31,5.02
2024-10-04 16:00:00,61,8.93
2024-10-04 17:00:00,28,4.44
2024-10-04 18:00:00,34,4.75
2024-10-04 19:00:00,7,2.42
2024-10-04 20:00:00,8,2.03
2024-10-04 21:00:00,4,0.36
2024-10-04 22:00:00,1,1.9
2024-10-04 23:00:00,7,1.79
2024-10-05 00:00:00,5,2.43
2024-10-05 01:00:00,7,2.66
2024-10-05 02:00:00,4,2.12
2024-10-05 03:00:00,9,3.83
2024-10-05 04:00:00,1,1.55
2024-10-05 05:00:00,5,1.96
2024-10-05 06:00:00,4,2.32
2024-10-05 07:00:00,4,1.95
2024-10-05 08:00:00,32,5.92
2024-10-05 09:00:00,36,5.19
2024-10-05 10:00:00,69,9.15
2024-10-05 11:00:00,59,8.96
2024-10-05 12:00:00,64,8.6
2024-10-05 13:00:00,51,7.92
2024-10-05 14:00:00,48,7.45
2024-10-05 15:00:00,22,3.79
2024-10-05 16:00:00,59,8.76
2024-10-05 17:00:00,53,7.24
2024-10-05 18:00:00,59,8.08
2024-10-05 19:00:00,0,1.38
2024-10-05 20:00:00,5,2.14
2024-10-05 21:00:00,7,2.19
2024-10-05 22:00:00,2,1.96
2024-10-05 23:00:00,7,2.53
2024-10-06 00:00:00,0,2.26
2024-10-06 01:00:00,8,2.41
2024-10-06 02:00:00,8,3.06
2024-10-06 03:00:00,4,2.44
2024-10-06 04:00:00,9,3.73
2024-10-06 05:00:00,3,1.8
2024-10-06 06:00:00,5,1.89
2024-10-06 07:00:00,6,2.85
2024-10-06 08:00:00,24,4.57
2024-10-06 09:00:00,62,9.58
2024-10-06 10:00:00,64,9.54
2024-10-06 11:00:00,50,6.45
2024-10-06 12:00:00,42,6.73
2024-10-06 13:00:00,61,8.98
2024-10-06 14:00:00,29,5.05
2024-10-06 15:00:00,51,7.55
2024-10-06 16:00:00,62,8.14
2024-10-06 17:00:00,49,7.82
2024-10-06 18:00:00,58,8.65
2024-10-06 19:00:00,1,2.17
2024-10-06 20:00:00,3,1.09
2024-10-06 21:00:00,1,1.87
2024-10-06 22:00:00,6,2.1
2024-10-06 23:00:00,1,1.69
2024-10-07 00:00:00,0,1.39
2024-10-07 01:00:00,8,2.73
2024-10-07 02:00:00,0,1.42
2024-10-07 03:00:00,7,1.81
2024-10-07 04:00:00,1,1.66
2024-10-07 05:00:00,7,2.23
2024-10-07 06:00:00,2,1.7
2024-10-07 07:00:00,5,0.51
2024-10-07 08:00:00,38,6.4
2024-10-07 09:00:00,49,7.22
2024-10-07 10:00:00,26,3.95
2024-10-07 11:00:00,29,5.44
2024-10-07 12:00:00,60,9.02
2024-10-07 13:00:00,51,7.46
2024-10-07 14:00:00,53,7.28
2024-10-07 15:00:00,47,7.23
2024-10-07 16:00:00,34,5.64
2024-10-07 17:00:00,49,7.84
2024-10-07 18:00:00,56,8.0
2024-10-07 19:00:00,5,2.7
2024-10-07 20:00:00,3,1.59
2024-10-07 21:00:00,3,1.19
2024-10-07 22:00:00,3,1.29
2024-10-07 23:00:00,1,1.59
2024-10-08 00:00:00,3,1.83
2024-10-08 01:00:00,0,1.66
2024-10-08 02:00:00,5,2.05
2024-10-08 03:00:00,0,1.99
2024-10-08 04:00:00,9,2.45
2024-10-08 05:00:00,5,1.1
2024-10-08 06:00:00,0,1.44
2024-10-08 07:00:00,5,1.1
2024-10-08 08:00:00,45,7.04
2024-10-08 09:00:00,37,6.47
2024-10-08 10:00:00,69,9.29
2024-10-08 11:00:00,33,6.17
2024-10-08 12:00:00,66,9.84
2024-10-08 13:00:00,48,7.86
2024-10-08 14:00:00,31,5.31
2024-10-08 15:00:00,55,7.6
2024-10-08 16:00:00,54,8.37
2024-10-08 17:00:00,31,4.91
2024-10-08 18:00:00,26,4.68
2024-10-08 19:00:00,0,1.41
2024-10-08 20:00:00,5,2.66
2024-10-08 21:00:00,2,2.11
2024-10-08 22:00:00,9,2.54
2024-10-08 23:00:00,6,1.24
2024-10-09 00:00:00,9,2.26
2024-10-09 01:00:00,1,1.97
2024-10-09 02:00:00,1,1.76
2024-10-09 03:00:00,3,1.11
2024-10-09 04:00:00,0,0.6
2024-10-09 05:00:00,2,1.84
2024-10-09 06:00:00,8,1.93
2024-10-09 07:00:00,6,1.74
2024-10-09 08:00:00,34,5.92
2024-10-09 09:00:00,48,7.86
2024-10-09 10:00:00,48,6.88
2024-10-09 11:00:00,30,5.08
2024-10-09 12:00:00,51,7.58
2024-10-09 13:00:00,21,3.94
2024-10-09 14:00:00,66,9.44
2024-10-09 15:00:00,33,5.84
2024-10-09 16:00:00,39,5.84
2024-10-09 17:00:00,41,5.66
2024-10-09 18:00:00,30,5.95
2024-10-09 19:00:00,2,2.28
2024-10-09 20:00:00,0,0.95
2024-10-09 21:00:00,7,2.41
2024-10-09 22:00:00,4,2.49
2024-10-09 23:00:00,4,2.35
2024-10-10 00:00:00,3,2.09
2024-10-10 01:00:00,5,2.01
2024-10-10 02:00:00,2,2.6
2024-10-10 03:00:00,8,2.57
2024-10-10 04:00:00,4,1.72
2024-10-10 05:00:00,2,2.18
2024-10-10 06:00:00,0,1.55
2024-10-10 07:00:00,9,2.75
2024-10-10 08:00:00,57,8.44
2024-10-10 09:00:00,34,5.83
2024-10-10 10:00:00,53,7.37
2024-10-10 11:00:00,54,7.25
2024-10-10 12:00:00,68,10.38
2024-10-10 13:00:00,44,6.9
2024-10-10 14:00:00,43,7.05
2024-10-10 15:00:00,31,4.34
2024-10-10 16:00:00,37,6.47
2024-10-10 17:00:00,34,5.32
2024-10-10 18:00:00,63,8.66
2024-10-10 19:00:00,7,2.31
2024-10-10 20:00:00,8,1.97
2024-10-10 21:00:00,0,1.5
2024-10-10 22:00:00,4,1.91
2024-10-10 23:00:00,7,2.87
2024-10-11 00:00:00,1,2.38
2024-10-11 01:00:00,3,2.6
2024-10-11 02:00:00,6,1.09
2024-10-11 03:00:00,2,1.27
2024-10-11 04:00:00,4,0.84
2024-10-11 05:00:00,7,1.74
2024-10-11 06:00:00,9,2.26
2024-10-11 07:00:00,2,1.95
2024-10-11 08:00:00,39,5.92
2024-10-11 09:00:00,65,9.05
2024-10-11 10:00:00,34,5.67
2024-10-11 11:00:00,44,5.93
2024-10-11 12:00:00,49,6.96
2024-10-11 13:00:00,33,5.21
2024-10-11 14:00:00,26,4.52
2024-10-11 15:00:00,36,5.86
2024-10-11 16:00:00,63,9.81
2024-10-11 17:00:00,39,6.63
2024-10-11 18:00:00,55,7.72
2024-10-11 19:00:00,8,2.33
2024-10-11 20:00:00,5,1.94
2024-10-11 21:00:00,8,2.2
2024-10-11 22:00:00,5,2.24
2024-10-11 23:00:00,5,1.17
2024-10-12 00:00:00,4,2.42
2024-10-12 01:00:00,4,2.83
2024-10-12 02:00:00,1,1.49
2024-10-12 03:00:00,7,2.2
2024-10-12 04:00:00,7,2.42
2024-10-12 05:00:00,0,2.01
2024-10-12 06:00:00,7,2.18
2024-10-12 07:00:00,4,2.45
2024-10-12 08:00:00,37,6.18
2024-10-12 09:00:00,49,8.56
2024-10-12 10:00:00,37,5.78
2024-10-12 11:00:00,65,8.31
2024-10-12 12:00:00,66,8.7
2024-10-12 13:00:00,50,7.51
2024-10-12 14:00:00,57,8.85
2024-10-12 15:00:00,51,7.29
2024-10-12 16:00:00,30,4.98
2024-10-12 17:00:00,64,9.52
2024-10-12 18:00:00,44,6.3
2024-10-12 19:00:00,0,1.19
2024-10-12 20:00:00,5,1.52
2024-10-12 21:00:00,8,3.05
2024-10-12 22:00:00,7,3.11
2024-10-12 23:00:00,5,1.31
2024-10-13 00:00:00,2,1.67
2024-10-13 01:00:00,7,3.04
2024-10-13 02:00:00,8,2.66
2024-10-13 03:00:00,0,1.26
2024-10-13 04:00:00,8,1.69
2024-10-13 05:00:00,5,2.68
2024-10-13 06:00:00,5,2.28
2024-10-13 07:00:00,3,1.12
2024-10-13 08:00:00,52,8.33
2024-10-13 09:00:00,29,4.18
2024-10-13 10:00:00,59,8.47
2024-10-13 11:00:00,51,7.49
2024-10-13 12:00:00,69,10.59
2024-10-13 13:00:00,52,7.61
2024-10-13 14:00:00,21,3.89
2024-10-13 15:00:00,52,7.06
2024-10-13 16:00:00,52,7.42
2024-10-13 17:00:00,60,8.29
2024-10-13 18:00:00,32,4.96
2024-10-13 19:00:00,0,1.5
2024-10-13 20:00:00,3,0.64
2024-10-13 21:00:00,9,1.82
2024-10-13 22:00:00,5,2.04
2024-10-13 23:00:00,6,2.28
2024-10-14 00:00:00,1,1.5
2024-10-14 01:00:00,5,2.08
2024-10-14 02:00:00,6,2.02
2024-10-14 03:00:00,9,2.57
2024-10-14 04:00:00,9,2.8
2024-10-14 05:00:00,1,1.83
2024-10-14 06:00:00,1,1.28
2024-10-14 07:00:00,9,3.04
2024-10-14 08:00:00,63,9.14
2024-10-14 09:00:00,68,10.28
2024-10-14 10:00:00,59,9.3
2024-10-14 11:00:00,30,4.38
2024-10-14 12:00:00,22,3.71
2024-10-14 13:00:00,25,4.91
2024-10-14 14:00:00,28,4.03
2024-10-14 15:00:00,25,5.21
2024-10-14 16:00:00,28,4.69
2024-10-14 17:00:00,58,8.75
2024-10-14 18:00:00,50,7.44
2024-10-14 19:00:00,8,1.76
2024-10-14 20:00:00,1,2.15
2024-10-14 21:00:00,7,3.72
2024-10-14 22:00:00,7,2.08
2024-10-14 23:00:00,1,1.46
2024-10-15 00:00:00,3,0.54
2024-10-15 01:00:00,6,2.9
2024-10-15 02:00:00,3,2.32
2024-10-15 03:00:00,3,0.99
2024-10-15 04:00:00,5,1.07
2024-10-15 05:00:00,9,1.61
2024-10-15 06:00:00,5,2.42
2024-10-15 07:00:00,9,2.95
2024-10-15 08:00:00,22,3.68
2024-10-15 09:00:00,60,8.95
2024-10-15 10:00:00,61,8.9
2024-10-15 11:00:00,33,5.28
2024-10-15 12:00:00,30,5.59
2024-10-15 13:00:00,37,5.34
2024-10-15 14:00:00,31,5.79
2024-10-15 15:00:00,42,6.18
2024-10-15 16:00:00,31,6.11
2024-10-15 17:00:00,32,4.84
2024-10-15 18:00:00,44,6.6
2024-10-15 19:00:00,2,1.77
2024-10-15 20:00:00,9,2.61
2024-10-15 21:00:00,2,1.99
2024-10-15 22:00:00,6,1.58
2024-10-15 23:00:00,3,1.84
2024-10-16 00:00:00,7,2.41
2024-10-16 01:00:00,6,1.96
2024-10-16 02:00:00,4,2.18
2024-10-16 03:00:00,6,1.55
2024-10-16 04:00:00,2,1.58
2024-10-16 05:00:00,1,1.24
2024-10-16 06:00:00,5,1.94
2024-10-16 07:00:00,1,2.34
2024-10-16 08:00:00,38,6.79
2024-10-16 09:00:00,41,7.06
2024-10-16 10:00:00,56,7.99
2024-10-16 11:00:00,51,8.07
2024-10-16 12:00:00,60,8.76
2024-10-16 13:00:00,22,4.16
2024-10-16 14:00:00,47,7.1
2024-10-16 15:00:00,29,5.86
2024-10-16 16:00:00,54,8.66
2024-10-16 17:00:00,48,7.63
2024-10-16 18:00:00,34,5.49
2024-10-16 19:00:00,0,1.52
2024-10-16 20:00:00,6,2.49
2024-10-16 21:00:00,0,1.24
2024-10-16 22:00:00,4,2.45
2024-10-16 23:00:00,9,2.12
2024-10-17 00:00:00,7,2.54
2024-10-17 01:00:00,3,0.72
2024-10-17 02:00:00,4,1.7
2024-10-17 03:00:00,3,2.9
2024-10-17 04:00:00,3,2.38
2024-10-17 05:00:00,7,3.11
2024-10-17 06:00:00,1,1.29
2024-10-17 07:00:00,0,1.55
2024-10-17 08:00:00,51,8.26
2024-10-17 09:00:00,60,9.02
2024-10-17 10:00:00,55,8.35
2024-10-17 11:00:00,53,8.68
2024-10-17 12:00:00,55,7.58
2024-10-17 13:00:00,21,3.93
2024-10-17 14:00:00,34,4.7
2024-10-17 15:00:00,53,7.31
2024-10-17 16:00:00,55,8.64
2024-10-17 17:00:00,25,4.04
2024-10-17 18:00:00,58,8.83
2024-10-17 19:00:00,9,3.41
2024-10-17 20:00:00,2,1.65
2024-10-17 21:00:00,2,2.0
2024-10-17 22:00:00,9,2.95
2024-10-17 23:00:00,5,1.49
2024-10-18 00:00:00,2,1.43
2024-10-18 01:00:00,1,1.12
2024-10-18 02:00:00,7,2.07
2024-10-18 03:00:00,4,2.34
2024-10-18 04:00:00,0,1.2
2024-10-18 05:00:00,2,1.72
2024-10-18 06:00:00,9,2.06
2024-10-18 07:00:00,7,2.95
2024-10-18 08:00:00,55,7.83
2024-10-18 09:00:00,67,10.3
2024-10-18 10:00:00,49,7.41
2024-10-18 11:00:00,42,5.84
2024-10-18 12:00:00,61,8.73
2024-10-18 13:00:00,63,8.53
2024-10-18 14:00:00,33,5.75
2024-10-18 15:00:00,33,5.33
2024-10-18 16:00:00,21,4.1
2024-10-18 17:00:00,56,8.04
2024-10-18 18:00:00,24,4.1
2024-10-18 19:00:00,5,1.61
2024-10-18 20:00:00,8,2.88
2024-10-18 21:00:00,5,2.01
2024-10-18 22:00:00,7,2.18
2024-10-18 23:00:00,6,2.12
2024-10-19 00:00:00,8,2.12
2024-10-19 01:00:00,3,1.7
2024-10-19 02:00:00,1,1.72
2024-10-19 03:00:00,6,1.7
2024-10-19 04:00:00,5,1.66
2024-10-19 05:00:00,0,2.19
2024-10-19 06:00:00,8,2.28
2024-10-19 07:00:00,8,2.18
2024-10-19 08:00:00,47,6.47
2024-10-19 09:00:00,21,4.45
2024-10-19 10:00:00,54,7.45
2024-10-19 11:00:00,56,8.21
2024-10-19 12:00:00,24,3.53
2024-10-19 13:00:00,20,4.31
2024-10-19 14:00:00,59,9.17
2024-10-19 15:00:00,31,5.46
2024-10-19 16:00:00,55,7.33
2024-10-19 17:00:00,64,9.6
2024-10-19 18:00:00,42,6.13
2024-10-19 19:00:00,9,1.99
2024-10-19 20:00:00,2,1.55
2024-10-19 21:00:00,5,1.9
2024-10-19 22:00:00,9,2.33
2024-10-19 23:00:00,9,3.22
2024-10-20 00:00:00,8,3.47
2024-10-20 01:00:00,0,0.82
2024-10-20 02:00:00,4,1.64
2024-10-20 03:00:00,3,1.93
2024-10-20 04:00:00,7,2.15
2024-10-20 05:00:00,0,1.7
2024-10-20 06:00:00,8,2.92
2024-10-20 07:00:00,5,2.47
2024-10-20 08:00:00,39,6.48
2024-10-20 09:00:00,47,7.97
2024-10-20 10:00:00,62,8.15
2024-10-20 11:00:00,56,8.96
2024-10-20 12:00:00,66,9.21
2024-10-20 13:00:00,56,8.61
2024-10-20 14:00:00,31,4.71
2024-10-20 15:00:00,56,7.77
2024-10-20 16:00:00,68,9.99
2024-10-20 17:00:00,68,8.7
2024-10-20 18:00:00,63,9.55
2024-10-20 19:00:00,7,2.97
2024-10-20 20:00:00,5,2.19
2024-10-20 21:00:00,3,1.93
2024-10-20 22:00:00,1,1.2
2024-10-20 23:00:00,1,1.96
2024-10-21 00:00:00,8,2.63
2024-10-21 01:00:00,4,1.52
2024-10-21 02:00:00,3,1.66
2024-10-21 03:00:00,9,2.5
2024-10-21 04:00:00,0,1.3
2024-10-21 05:00:00,6,1.54
2024-10-21 06:00:00,2,2.09
2024-10-21 07:00:00,5,1.98
2024-10-21 08:00:00,56,8.23
2024-10-21 09:00:00,24,4.09
2024-10-21 10:00:00,52,7.98
2024-10-21 11:00:00,68,9.76
2024-10-21 12:00:00,33,6.07
2024-10-21 13:00:00,31,5.46
2024-10-21 14:00:00,61,8.72
2024-10-21 15:00:00,39,5.81
2024-10-21 16:00:00,69,10.21
2024-10-21 17:00:00,43,6.52
2024-10-21 18:00:00,62,8.85
2024-10-21 19:00:00,1,1.53
2024-10-21 20:00:00,8,2.26
2024-10-21 21:00:00,1,1.54
2024-10-21 22:00:00,8,3.42
2024-10-21 23:00:00,6,1.7
2024-10-22 00:00:00,7,1.93
2024-10-22 01:00:00,1,2.31
2024-10-22 02:00:00,6,2.03
2024-10-22 03:00:00,5,1.87
2024-10-22 04:00:00,3,2.38
2024-10-22 05:00:00,6,1.51
2024-10-22 06:00:00,3,2.27
2024-10-22 07:00:00,1,1.64
2024-10-22 08:00:00,61,9.05
2024-10-22 09:00:00,27,4.96
2024-10-22 10:00:00,69,9.47
2024-10-22 11:00:00,40,6.83
2024-10-22 12:00:00,20,3.62
2024-10-22 13:00:00,27,4.94
2024-10-22 14:00:00,48,7.88
2024-10-22 15:00:00,51,8.31
2024-10-22 16:00:00,57,8.21
2024-10-22 17:00:00,24,4.61
2024-10-22 18:00:00,66,9.24
2024-10-22 19:00:00,5,3.35
2024-10-22 20:00:00,1,2.01
2024-10-22 21:00:00,0,1.54
2024-10-22 22:00:00,6,2.38
2024-10-22 23:00:00,6,2.42
2024-10-23 00:00:00,9,2.8
2024-10-23 01:00:00,9,2.46
2024-10-23 02:00:00,1,1.42
2024-10-23 03:00:00,1,1.54
2024-10-23 04:00:00,0,0.93
2024-10-23 05:00:00,9,2.94
2024-10-23 06:00:00,7,1.94
2024-10-23 07:00:00,7,1.81
2024-10-23 08:00:00,68,9.65
2024-10-23 09:00:00,31,5.15
2024-10-23 10:00:00,46,7.14
2024-10-23 11:00:00,27,4.46
2024-10-23 12:00:00,44,6.58
2024-10-23 13:00:00,65,9.65
2024-10-23 14:00:00,23,4.58
2024-10-23 15:00:00,52,8.03
2024-10-23 16:00:00,20,3.92
2024-10-23 17:00:00,38,6.14
2024-10-23 18:00:00,50,7.62
2024-10-23 19:00:00,4,1.65
2024-10-23 20:00:00,4,2.72
2024-10-23 21:00:00,8,3.13
2024-10-23 22:00:00,9,2.98
2024-10-23 23:00:00,1,1.41
2024-10-24 00:00:00,1,1.89
2024-10-24 01:00:00,5,2.59
2024-10-24 02:00:00,8,1.85
2024-10-24 03:00:00,0,2.35
2024-10-24 04:00:00,8,1.59
2024-10-24 05:00:00,8,2.81
2024-10-24 06:00:00,8,3.19
2024-10-24 07:00:00,4,1.92
2024-10-24 08:00:00,32,5.26
2024-10-24 09:00:00,50,7.83
2024-10-24 10:00:00,60,9.63
2024-10-24 11:00:00,30,4.96
2024-10-24 12:00:00,23,3.87
2024-10-24 13:00:00,53,7.65
2024-10-24 14:00:00,57,7.56
2024-10-24 15:00:00,65,9.75
2024-10-24 16:00:00,23,4.0
2024-10-24 17:00:00,57,8.24
2024-10-24 18:00:00,38,6.51
2024-10-24 19:00:00,5,1.91
2024-10-24 20:00:00,1,2.0
2024-10-24 21:00:00,1,1.1
2024-10-24 22:00:00,8,2.94
2024-10-24 23:00:00,6,2.39
2024-10-25 00:00:00,2,1.7
2024-10-25 01:00:00,0,1.57
2024-10-25 02:00:00,7,1.7
2024-10-25 03:00:00,5,2.15
2024-10-25 04:00:00,6,2.15
2024-10-25 05:00:00,8,1.83
2024-10-25 06:00:00,4,1.64
2024-10-25 07:00:00,0,1.44
2024-10-25 08:00:00,31,4.92
2024-10-25 09:00:00,26,3.41
2024-10-25 10:00:00,34,6.12
2024-10-25 11:00:00,40,6.23
2024-10-25 12:00:00,38,4.92
2024-10-25 13:00:00,48,8.33
2024-10-25 14:00:00,44,7.4
2024-10-25 15:00:00,52,7.57
2024-10-25 16:00:00,68,9.24
2024-10-25 17:00:00,51,7.82
2024-10-25 18:00:00,68,9.76
2024-10-25 19:00:00,2,2.01
2024-10-25 20:00:00,5,1.68
2024-10-25 21:00:00,9,3.13
2024-10-25 22:00:00,2,1.5
2024-10-25 23:00:00,7,2.68
2024-10-26 00:00:00,9,2.18
2024-10-26 01:00:00,1,2.94
2024-10-26 02:00:00,8,2.81
2024-10-26 03:00:00,2,3.18
2024-10-26 04:00:00,4,2.39
2024-10-26 05:00:00,9,2.3
2024-10-26 06:00:00,7,2.75
2024-10-26 07:00:00,1,2.07
2024-10-26 08:00:00,25,4.69
2024-10-26 09:00:00,47,7.46
2024-10-26 10:00:00,48,7.64
2024-10-26 11:00:00,45,6.4
2024-10-26 12:00:00,44,6.25
2024-10-26 13:00:00,31,4.82
2024-10-26 14:00:00,24,4.44
2024-10-26 15:00:00,53,7.75
2024-10-26 16:00:00,67,9.05
2024-10-26 17:00:00,56,8.61
2024-10-26 18:00:00,34,5.72
2024-10-26 19:00:00,3,1.94
2024-10-26 20:00:00,6,2.09
2024-10-26 21:00:00,5,1.91
2024-10-26 22:00:00,1,1.2
2024-10-26 23:00:00,4,2.45
2024-10-27 00:00:00,6,1.87
2024-10-27 01:00:00,6,2.32
2024-10-27 02:00:00,4,2.81
2024-10-27 03:00:00,8,2.29
2024-10-27 04:00:00,3,2.34
2024-10-27 05:00:00,2,2.02
2024-10-27 06:00:00,3,2.02
2024-10-27 07:00:00,4,2.2
2024-10-27 08:00:00,32,5.29
2024-10-27 09:00:00,41,6.44
2024-10-27 10:00:00,38,5.79
2024-10-27 11:00:00,53,7.88
2024-10-27 12:00:00,33,5.17
2024-10-27 13:00:00,23,4.76
2024-10-27 14:00:00,67,8.69
2024-10-27 15:00:00,65,9.54
2024-10-27 16:00:00,46,7.19
2024-10-27 17:00:00,48,7.38
2024-10-27 18:00:00,66,9.93
2024-10-27 19:00:00,2,1.6
2024-10-27 20:00:00,7,2.47
2024-10-27 21:00:00,9,1.72
2024-10-27 22:00:00,3,1.65
2024-10-27 23:00:00,1,2.05
2024-10-28 00:00:00,1,0.95
2024-10-28 01:00:00,0,1.58
2024-10-28 02:00:00,3,1.52
2024-10-28 03:00:00,9,2.52
2024-10-28 04:00:00,8,2.15
2024-10-28 05:00:00,6,1.6
2024-10-28 06:00:00,9,2.77
2024-10-28 07:00:00,6,2.2
2024-10-28 08:00:00,32,5.65
2024-10-28 09:00:00,50,7.9
2024-10-28 10:00:00,26,5.23
2024-10-28 11:00:00,68,9.73
2024-10-28 12:00:00,61,9.45
2024-10-28 13:00:00,61,8.33
2024-10-28 14:00:00,55,8.55
2024-10-28 15:00:00,39,6.41
2024-10-28 16:00:00,23,4.38
2024-10-28 17:00:00,26,4.84
2024-10-28 18:00:00,20,3.42
2024-10-28 19:00:00,7,1.74
2024-10-28 20:00:00,9,3.43
2024-10-28 21:00:00,6,2.14
2024-10-28 22:00:00,5,2.01
2024-10-28 23:00:00,5,1.55
2024-10-29 00:00:00,4,1.24
2024-10-29 01:00:00,5,2.06
2024-10-29 02:00:00,8,2.29
2024-10-29 03:00:00,9,2.58
2024-10-29 04:00:00,8,2.5
2024-10-29 05:00:00,9,3.82
2024-10-29 06:00:00,7,2.17
2024-10-29 07:00:00,9,3.37
2024-10-29 08:00:00,61,9.64
2024-10-29 09:00:00,27,5.12
2024-10-29 10:00:00,43,6.54
2024-10-29 11:00:00,35,5.02
2024-10-29 12:00:00,68,9.9
2024-10-29 13:00:00,45,7.41
2024-10-29 14:00:00,46,7.89
2024-10-29 15:00:00,56,7.75
2024-10-29 16:00:00,23,4.14
2024-10-29 17:00:00,69,9.31
2024-10-29 18:00:00,43,6.34
2024-10-29 19:00:00,2,2.07
2024-10-29 20:00:00,3,1.52
2024-10-29 21:00:00,6,1.81
2024-10-29 22:00:00,9,2.98
2024-10-29 23:00:00,8,2.69
2024-10-30 00:00:00,1,1.8
2024-10-30 01:00:00,2,1.41
2024-10-30 02:00:00,3,2.51
2024-10-30 03:00:00,9,2.59
2024-10-30 04:00:00,0,2.69
2024-10-30 05:00:00,6,2.3
2024-10-30 06:00:00,1,0.45
2024-10-30 07:00:00,4,0.79
2024-10-30 08:00:00,66,9.73
2024-10-30 09:00:00,68,10.31
2024-10-30 10:00:00,54,7.59
2024-10-30 11:00:00,63,10.11
2024-10-30 12:00:00,53,8.69
2024-10-30 13:00:00,52,7.85
2024-10-30 14:00:00,40,6.57
2024-10-30 15:00:00,36,6.27
2024-10-30 16:00:00,41,7.36
2024-10-30 17:00:00,67,9.88
2024-10-30 18:00:00,56,8.31
2024-10-30 19:00:00,2,2.08
2024-10-30 20:00:00,6,2.49
2024-10-30 21:00:00,9,3.04
2024-10-30 22:00:00,8,1.67
2024-10-30 23:00:00,8,2.62
2024-10-31 00:00:00,8,2.69
2024-10-31 01:00:00,1,1.58
2024-10-31 02:00:00,2,2.13
2024-10-31 03:00:00,6,3.18
2024-10-31 04:00:00,4,2.05
2024-10-31 05:00:00,1,1.97
2024-10-31 06:00:00,2,2.54
2024-10-31 07:00:00,9,2.66
2024-10-31 08:00:00,58,8.02
2024-10-31 09:00:00,60,9.01
2024-10-31 10:00:00,68,8.56
2024-10-31 11:00:00,30,3.95
2024-10-31 12:00:00,58,8.63
2024-10-31 13:00:00,43,5.49
2024-10-31 14:00:00,65,8.64
2024-10-31 15:00:00,38,5.87
2024-10-31 16:00:00,23,3.9
2024-10-31 17:00:00,45,6.83
2024-10-31 18:00:00,57,8.9
2024-10-31 19:00:00,9,2.7
2024-10-31 20:00:00,6,1.8
2024-10-31 21:00:00,3,2.54
2024-10-31 22:00:00,7,1.63
2024-10-31 23:00:00,4,2.09
2024-11-01 00:00:00,0,0.73
2024-11-01 01:00:00,3,1.99
2024-11-01 02:00:00,2,1.58
2024-11-01 03:00:00,8,3.0
2024-11-01 04:00:00,7,2.7
2024-11-01 05:00:00,0,1.21
2024-11-01 06:00:00,5,1.71
2024-11-01 07:00:00,8,2.3
2024-11-01 08:00:00,58,9.4
2024-11-01 09:00:00,23,5.07
2024-11-01 10:00:00,32,4.86
2024-11-01 11:00:00,68,10.06
2024-11-01 12:00:00,21,3.15
2024-11-01 13:00:00,24,4.16
2024-11-01 14:00:00,63,8.6
2024-11-01 15:00:00,46,7.55
2024-11-01 16:00:00,51,6.97
2024-11-01 17:00:00,40,6.51
2024-11-01 18:00:00,27,4.74
2024-11-01 19:00:00,5,2.01
2024-11-01 20:00:00,7,3.18
2024-11-01 21:00:00,1,2.5
2024-11-01 22:00:00,2,1.67
2024-11-01 23:00:00,5,1.93
2024-11-02 00:00:00,9,1.83
2024-11-02 01:00:00,2,1.74
2024-11-02 02:00:00,5,3.08
2024-11-02 03:00:00,5,2.04
2024-11-02 04:00:00,1,1.98
2024-11-02 05:00:00,6,1.52
2024-11-02 06:00:00,1,1.4
2024-11-02 07:00:00,5,2.33
2024-11-02 08:00:00,36,5.87
2024-11-02 09:00:00,54,8.39
2024-11-02 10:00:00,53,7.56
2024-11-02 11:00:00,42,5.67
2024-11-02 12:00:00,49,7.94
2024-11-02 13:00:00,27,4.27
2024-11-02 14:00:00,41,6.67
2024-11-02 15:00:00,63,9.29
2024-11-02 16:00:00,55,7.27
2024-11-02 17:00:00,24,4.9
2024-11-02 18:00:00,32,5.06
2024-11-02 19:00:00,8,2.49
2024-11-02 20:00:00,6,2.04
2024-11-02 21:00:00,9,3.39
2024-11-02 22:00:00,8,3.13
2024-11-02 23:00:00,6,1.31
2024-11-03 00:00:00,0,2.63
2024-11-03 01:00:00,7,2.0
2024-11-03 02:00:00,3,2.91
2024-11-03 03:00:00,2,1.61
2024-11-03 04:00:00,6,2.05
2024-11-03 05:00:00,2,1.62
2024-11-03 06:00:00,7,2.14
2024-11-03 07:00:00,5,3.36
2024-11-03 08:00:00,24,4.34
2024-11-03 09:00:00,39,6.03
2024-11-03 10:00:00,59,8.62
2024-11-03 11:00:00,63,8.58
2024-11-03 12:00:00,20,4.7
2024-11-03 13:00:00,49,6.64
2024-11-03 14:00:00,40,5.99
2024-11-03 15:00:00,39,6.65
2024-11-03 16:00:00,25,4.52
2024-11-03 17:00:00,41,6.69
2024-11-03 18:00:00,37,6.71
2024-11-03 19:00:00,7,2.84
2024-11-03 20:00:00,6,2.29
2024-11-03 21:00:00,0,2.54
2024-11-03 22:00:00,4,1.67
2024-11-03 23:00:00,5,2.05
2024-11-04 00:00:00,3,1.84
2024-11-04 01:00:00,1,1.57
2024-11-04 02:00:00,3,1.33
2024-11-04 03:00:00,0,0.71
2024-11-04 04:00:00,6,2.43
2024-11-04 05:00:00,1,1.3
2024-11-04 06:00:00,1,2.57
2024-11-04 07:00:00,8,2.42
2024-11-04 08:00:00,40,6.17
2024-11-04 09:00:00,21,4.57
2024-11-04 10:00:00,46,7.22
2024-11-04 11:00:00,28,4.77
2024-11-04 12:00:00,20,3.58
2024-11-04 13:00:00,30,6.93
2024-11-04 14:00:00,22,4.32
2024-11-04 15:00:00,42,7.08
2024-11-04 16:00:00,45,6.39
2024-11-04 17:00:00,23,3.97
2024-11-04 18:00:00,37,7.0
2024-11-04 19:00:00,6,2.92
2024-11-04 20:00:00,5,2.33
2024-11-04 21:00:00,2,1.55
2024-11-04 22:00:00,5,1.98
2024-11-04 23:00:00,5,1.76
2024-11-05 00:00:00,4,1.4
2024-11-05 01:00:00,3,2.32
2024-11-05 02:00:00,9,2.85
2024-11-05 03:00:00,0,1.87
2024-11-05 04:00:00,9,2.41
2024-11-05 05:00:00,5,2.23
2024-11-05 06:00:00,1,1.4
2024-11-05 07:00:00,2,1.38
2024-11-05 08:00:00,49,8.21
2024-11-05 09:00:00,43,6.72
2024-11-05 10:00:00,61,9.07
2024-11-05 11:00:00,49,7.8
2024-11-05 12:00:00,33,5.53
2024-11-05 13:00:00,25,4.62
2024-11-05 14:00:00,22,3.6
2024-11-05 15:00:00,35,5.25
2024-11-05 16:00:00,26,4.15
2024-11-05 17:00:00,33,5.76
2024-11-05 18:00:00,28,4.9
2024-11-05 19:00:00,4,1.53
2024-11-05 20:00:00,2,2.03
2024-11-05 21:00:00,1,1.89
2024-11-05 22:00:00,1,1.27
2024-11-05 23:00:00,2,1.73
2024-11-06 00:00:00,1,1.89
2024-11-06 01:00:00,3,1.43
2024-11-06 02:00:00,1,1.9
2024-11-06 03:00:00,9,2.73
2024-11-06 04:00:00,8,1.96
2024-11-06 05:00:00,1,1.73
2024-11-06 06:00:00,8,2.64
2024-11-06 07:00:00,5,1.79
2024-11-06 08:00:00,52,7.47
2024-11-06 09:00:00,55,7.6
2024-11-06 10:00:00,50,7.28
2024-11-06 11:00:00,33,5.45
2024-11-06 12:00:00,20,3.63
2024-11-06 13:00:00,65,8.56
2024-11-06 14:00:00,35,5.36
2024-11-06 15:00:00,65,9.09
2024-11-06 16:00:00,22,4.55
2024-11-06 17:00:00,54,8.28
2024-11-06 18:00:00,60,9.12
2024-11-06 19:00:00,5,1.73
2024-11-06 20:00:00,8,2.53
2024-11-06 21:00:00,4,0.77
2024-11-06 22:00:00,1,1.83
2024-11-06 23:00:00,7,2.65
2024-11-07 00:00:00,4,1.8
2024-11-07 01:00:00,1,1.77
2024-11-07 02:00:00,3,1.1
2024-11-07 03:00:00,8,2.06
2024-11-07 04:00:00,3,2.24
2024-11-07 05:00:00,3,2.12
2024-11-07 06:00:00,1,1.41
2024-11-07 07:00:00,5,2.51
2024-11-07 08:00:00,51,7.69
2024-11-07 09:00:00,48,7.01
2024-11-07 10:00:00,62,8.85
2024-11-07 11:00:00,21,3.79
2024-11-07 12:00:00,42,5.95
2024-11-07 13:00:00,38,6.69
2024-11-07 14:00:00,50,7.22
2024-11-07 15:00:00,24,3.96
2024-11-07 16:00:00,38,5.3
2024-11-07 17:00:00,53,6.54
2024-11-07 18:00:00,29,5.33
2024-11-07 19:00:00,8,2.86
2024-11-07 20:00:00,1,2.22
2024-11-07 21:00:00,1,1.55
2024-11-07 22:00:00,7,2.18
2024-11-07 23:00:00,8,2.21
2024-11-08 00:00:00,6,2.01
2024-11-08 01:00:00,2,2.3
2024-11-08 02:00:00,8,2.45
2024-11-08 03:00:00,2,1.93
2024-11-08 04:00:00,4,1.76
2024-11-08 05:00:00,8,3.12
2024-11-08 06:00:00,2,0.79
2024-11-08 07:00:00,6,1.61
2024-11-08 08:00:00,35,5.89
2024-11-08 09:00:00,35,6.58
2024-11-08 10:00:00,52,7.63
2024-11-08 11:00:00,23,3.84
2024-11-08 12:00:00,23,4.76
2024-11-08 13:00:00,58,8.62
2024-11-08 14:00:00,59,9.23
2024-11-08 15:00:00,36,5.17
2024-11-08 16:00:00,56,8.83
2024-11-08 17:00:00,58,7.69
2024-11-08 18:00:00,48,7.12
2024-11-08 19:00:00,3,2.07
2024-11-08 20:00:00,3,1.95
2024-11-08 21:00:00,5,2.63
2024-11-08 22:00:00,6,1.31
2024-11-08 23:00:00,1,1.69
2024-11-09 00:00:00,4,2.58
2024-11-09 01:00:00,3,1.89
2024-11-09 02:00:00,2,1.17
2024-11-09 03:00:00,6,2.72
2024-11-09 04:00:00,5,1.78
2024-11-09 05:00:00,6,1.81
2024-11-09 06:00:00,4,1.5
2024-11-09 07:00:00,5,2.0
2024-11-09 08:00:00,24,4.47
2024-11-09 09:00:00,21,3.39
2024-11-09 10:00:00,46,6.49
2024-11-09 11:00:00,40,5.95
2024-11-09 12:00:00,57,7.86
2024-11-09 13:00:00,34,5.6
2024-11-09 14:00:00,40,6.48
2024-11-09 15:00:00,29,5.09
2024-11-09 16:00:00,42,6.65
2024-11-09 17:00:00,58,9.3
2024-11-09 18:00:00,24,4.59
2024-11-09 19:00:00,0,1.89
2024-11-09 20:00:00,4,1.77
2024-11-09 21:00:00,9,3.05
2024-11-09 22:00:00,1,1.39
2024-11-09 23:00:00,4,2.19
2024-11-10 00:00:00,4,1.29
2024-11-10 01:00:00,1,1.7
2024-11-10 02:00:00,4,1.49
2024-11-10 03:00:00,3,2.33
2024-11-10 04:00:00,0,1.94
2024-11-10 05:00:00,2,1.51
2024-11-10 06:00:00,0,2.52
2024-11-10 07:00:00,4,1.84
2024-11-10 08:00:00,45,6.09
2024-11-10 09:00:00,23,3.87
2024-11-10 10:00:00,53,7.34
2024-11-10 11:00:00,67,9.73
2024-11-10 12:00:00,37,5.32
2024-11-10 13:00:00,59,8.31
2024-11-10 14:00:00,54,8.14
2024-11-10 15:00:00,60,8.77
2024-11-10 16:00:00,48,7.25
2024-11-10 17:00:00,48,7.32
2024-11-10 18:00:00,57,8.15
2024-11-10 19:00:00,9,1.78
2024-11-10 20:00:00,4,1.78
2024-11-10 21:00:00,9,2.81
2024-11-10 22:00:00,0,1.43
2024-11-10 23:00:00,8,2.66
2024-11-11 00:00:00,0,1.21
2024-11-11 01:00:00,7,2.84
2024-11-11 02:00:00,8,1.18
2024-11-11 03:00:00,8,2.53
2024-11-11 04:00:00,0,2.17
2024-11-11 05:00:00,1,2.37
2024-11-11 06:00:00,0,1.38
2024-11-11 07:00:00,9,1.92
2024-11-11 08:00:00,69,10.46
2024-11-11 09:00:00,59,8.55
2024-11-11 10:00:00,40,6.22
2024-11-11 11:00:00,47,6.69
2024-11-11 12:00:00,30,4.48
2024-11-11 13:00:00,53,8.14
2024-11-11 14:00:00,27,5.07
2024-11-11 15:00:00,41,6.52
2024-11-11 16:00:00,27,4.36
2024-11-11 17:00:00,68,9.13
2024-11-11 18:00:00,34,4.86
2024-11-11 19:00:00,0,1.22
2024-11-11 20:00:00,6,1.72
2024-11-11 21:00:00,7,1.49
2024-11-11 22:00:00,2,2.07
2024-11-11 23:00:00,4,1.32
2024-11-12 00:00:00,0,1.99
2024-11-12 01:00:00,6,2.42
2024-11-12 02:00:00,4,2.13
2024-11-12 03:00:00,7,3.17
2024-11-12 04:00:00,7,1.7
2024-11-12 05:00:00,8,2.9
2024-11-12 06:00:00,6,2.07
2024-11-12 07:00:00,0,2.79
2024-11-12 08:00:00,64,8.99
2024-11-12 09:00:00,43,6.39
2024-11-12 10:00:00,54,8.19
2024-11-12 11:00:00,43,6.56
2024-11-12 12:00:00,36,5.44
2024-11-12 13:00:00,24,3.89
2024-11-12 14:00:00,39,6.91
2024-11-12 15:00:00,40,5.72
2024-11-12 16:00:00,59,8.69
2024-11-12 17:00:00,50,8.03
2024-11-12 18:00:00,65,9.85
2024-11-12 19:00:00,3,1.56
2024-11-12 20:00:00,3,1.76
2024-11-12 21:00:00,2,1.54
2024-11-12 22:00:00,6,1.45
2024-11-12 23:00:00,2,2.01
2024-11-13 00:00:00,2,1.76
2024-11-13 01:00:00,9,3.3
2024-11-13 02:00:00,4,1.57
2024-11-13 03:00:00,4,2.52
2024-11-13 04:00:00,5,2.68
2024-11-13 05:00:00,7,2.36
2024-11-13 06:00:00,9,1.49
2024-11-13 07:00:00,5,1.84
2024-11-13 08:00:00,66,10.31
2024-11-13 09:00:00,51,7.77
2024-11-13 10:00:00,67,9.89
2024-11-13 11:00:00,47,7.1
2024-11-13 12:00:00,36,5.71
2024-11-13 13:00:00,50,6.57
2024-11-13 14:00:00,27,5.14
2024-11-13 15:00:00,59,9.12
2024-11-13 16:00:00,44,6.3
2024-11-13 17:00:00,28,4.77
2024-11-13 18:00:00,21,3.86
2024-11-13 19:00:00,1,1.83
2024-11-13 20:00:00,2,1.47
2024-11-13 21:00:00,0,1.97
2024-11-13 22:00:00,3,1.9
2024-11-13 23:00:00,3,0.59
2024-11-14 00:00:00,8,2.68
2024-11-14 01:00:00,8,2.96
2024-11-14 02:00:00,8,1.88
2024-11-14 03:00:00,9,2.78
2024-11-14 04:00:00,6,3.13
2024-11-14 05:00:00,1,1.68
2024-11-14 06:00:00,9,3.15
2024-11-14 07:00:00,4,1.76
2024-11-14 08:00:00,55,8.09
2024-11-14 09:00:00,31,5.12
2024-11-14 10:00:00,46,6.83
2024-11-14 11:00:00,59,8.51
2024-11-14 12:00:00,21,3.2
2024-11-14 13:00:00,32,5.17
2024-11-14 14:00:00,51,8.29
2024-11-14 15:00:00,50,7.02
2024-11-14 16:00:00,35,5.17
2024-11-14 17:00:00,51,7.65
2024-11-14 18:00:00,51,7.68
2024-11-14 19:00:00,1,1.81
2024-11-14 20:00:00,9,2.52
2024-11-14 21:00:00,0,1.54
2024-11-14 22:00:00,7,2.16
2024-11-14 23:00:00,1,0.98
2024-11-15 00:00:00,6,2.18
2024-11-15 01:00:00,8,2.82
2024-11-15 02:00:00,8,2.72
2024-11-15 03:00:00,7,1.47
2024-11-15 04:00:00,9,2.71
2024-11-15 05:00:00,8,2.01
2024-11-15 06:00:00,1,2.32
2024-11-15 07:00:00,5,2.26
2024-11-15 08:00:00,49,7.83
2024-11-15 09:00:00,39,6.19
2024-11-15 10:00:00,40,6.27
2024-11-15 11:00:00,63,9.81
2024-11-15 12:00:00,51,8.11
2024-11-15 13:00:00,65,9.36
2024-11-15 14:00:00,68,9.56
2024-11-15 15:00:00,40,5.45
2024-11-15 16:00:00,54,8.14
2024-11-15 17:00:00,51,7.56
2024-11-15 18:00:00,49,7.66
2024-11-15 19:00:00,6,2.65
2024-11-15 20:00:00,6,2.84
2024-11-15 21:00:00,0,1.67
2024-11-15 22:00:00,8,1.94
2024-11-15 23:00:00,1,0.55
2024-11-16 00:00:00,4,1.57
2024-11-16 01:00:00,4,2.65
2024-11-16 02:00:00,7,3.25
2024-11-16 03:00:00,7,2.22
2024-11-16 04:00:00,6,1.49
2024-11-16 05:00:00,6,1.9
2024-11-16 06:00:00,5,2.67
2024-11-16 07:00:00,5,1.8
2024-11-16 08:00:00,62,9.23
2024-11-16 09:00:00,44,6.86
2024-11-16 10:00:00,41,6.78
2024-11-16 11:00:00,47,8.05
2024-11-16 12:00:00,48,7.55
2024-11-16 13:00:00,32,5.41
2024-11-16 14:00:00,37,6.9
2024-11-16 15:00:00,21,4.19
2024-11-16 16:00:00,48,6.86
2024-11-16 17:00:00,40,6.64
2024-11-16 18:00:00,34,5.8
2024-11-16 19:00:00,3,1.71
2024-11-16 20:00:00,1,1.36
2024-11-16 21:00:00,2,1.59
2024-11-16 22:00:00,6,1.95
2024-11-16 23:00:00,7,2.21
2024-11-17 00:00:00,5,1.68
2024-11-17 01:00:00,4,2.17
2024-11-17 02:00:00,0,1.66
2024-11-17 03:00:00,7,2.51
2024-11-17 04:00:00,2,1.71
2024-11-17 05:00:00,5,2.01
2024-11-17 06:00:00,2,2.46
2024-11-17 07:00:00,6,2.25
2024-11-17 08:00:00,48,7.89
2024-11-17 09:00:00,49,6.88
2024-11-17 10:00:00,58,8.75
2024-11-17 11:00:00,63,8.69
2024-11-17 12:00:00,66,9.14
2024-11-17 13:00:00,44,6.57
2024-11-17 14:00:00,56,7.98
2024-11-17 15:00:00,66,9.19
2024-11-17 16:00:00,27,5.35
2024-11-17 17:00:00,61,8.84
2024-11-17 18:00:00,35,5.81
2024-11-17 19:00:00,7,2.11
2024-11-17 20:00:00,0,1.93
2024-11-17 21:00:00,4,2.16
2024-11-17 22:00:00,2,1.59
2024-11-17 23:00:00,0,0.71
2024-11-18 00:00:00,3,1.97
2024-11-18 01:00:00,7,2.63
2024-11-18 02:00:00,2,1.25
2024-11-18 03:00:00,9,2.43
2024-11-18 04:00:00,1,1.89
2024-11-18 05:00:00,8,1.67
2024-11-18 06:00:00,9,2.26
2024-11-18 07:00:00,4,2.17
2024-11-18 08:00:00,65,9.85
2024-11-18 09:00:00,58,9.55
2024-11-18 10:00:00,46,8.0
2024-11-18 11:00:00,46,7.09
2024-11-18 12:00:00,21,3.78
2024-11-18 13:00:00,60,9.16
2024-11-18 14:00:00,67,9.27
2024-11-18 15:00:00,32,4.96
2024-11-18 16:00:00,28,4.71
2024-11-18 17:00:00,55,7.88
2024-11-18 18:00:00,41,6.63
2024-11-18 19:00:00,9,2.28
2024-11-18 20:00:00,9,2.62
2024-11-18 21:00:00,9,3.38
2024-11-18 22:00:00,5,2.16
2024-11-18 23:00:00,0,2.26
2024-11-19 00:00:00,8,3.06
2024-11-19 01:00:00,1,1.92
2024-11-19 02:00:00,4,1.8
2024-11-19 03:00:00,8,2.98
2024-11-19 04:00:00,3,1.74
2024-11-19 05:00:00,2,1.74
2024-11-19 06:00:00,6,2.39
2024-11-19 07:00:00,5,2.1
2024-11-19 08:00:00,38,5.7
2024-11-19 09:00:00,56,7.46
2024-11-19 10:00:00,23,4.74
2024-11-19 11:00:00,66,9.71
2024-11-19 12:00:00,23,3.4
2024-11-19 13:00:00,39,5.81
2024-11-19 14:00:00,29,5.07
2024-11-19 15:00:00,43,6.88
2024-11-19 16:00:00,54,7.22
2024-11-19 17:00:00,45,6.86
2024-11-19 18:00:00,56,8.49
2024-11-19 19:00:00,5,1.92
2024-11-19 20:00:00,4,2.11
2024-11-19 21:00:00,5,1.86
2024-11-19 22:00:00,7,2.79
2024-11-19 23:00:00,6,1.82
2024-11-20 00:00:00,4,1.41
2024-11-20 01:00:00,9,2.59
2024-11-20 02:00:00,5,1.38
2024-11-20 03:00:00,3,0.81
2024-11-20 04:00:00,8,3.0
2024-11-20 05:00:00,3,1.37
2024-11-20 06:00:00,0,0.83
2024-11-20 07:00:00,6,1.81
2024-11-20 08:00:00,26,4.19
2024-11-20 09:00:00,23,4.19
2024-11-20 10:00:00,48,6.71
2024-11-20 11:00:00,33,5.71
2024-11-20 12:00:00,22,4.46
2024-11-20 13:00:00,43,6.02
2024-11-20 14:00:00,56,7.91
2024-11-20 15:00:00,35,5.44
2024-11-20 16:00:00,23,4.18
2024-11-20 17:00:00,43,7.2
2024-11-20 18:00:00,53,8.43
2024-11-20 19:00:00,1,2.87
2024-11-20 20:00:00,2,0.61
2024-11-20 21:00:00,2,1.28
2024-11-20 22:00:00,0,2.41
2024-11-20 23:00:00,2,0.84
2024-11-21 00:00:00,5,3.0
2024-11-21 01:00:00,7,2.41
2024-11-21 02:00:00,9,2.67
2024-11-21 03:00:00,5,1.46
2024-11-21 04:00:00,4,1.75
2024-11-21 05:00:00,3,2.73
2024-11-21 06:00:00,2,1.72
2024-11-21 07:00:00,3,1.64
2024-11-21 08:00:00,49,7.58
2024-11-21 09:00:00,68,9.56
2024-11-21 10:00:00,52,7.91
2024-11-21 11:00:00,37,5.52
2024-11-21 12:00:00,68,9.62
2024-11-21 13:00:00,47,6.82
2024-11-21 14:00:00,66,8.52
2024-11-21 15:00:00,30,5.34
2024-11-21 16:00:00,64,8.56
2024-11-21 17:00:00,52,7.66
2024-11-21 18:00:00,36,6.28
2024-11-21 19:00:00,5,1.35
2024-11-21 20:00:00,3,2.16
2024-11-21 21:00:00,3,1.71
2024-11-21 22:00:00,5,1.62
2024-11-21 23:00:00,6,3.23
2024-11-22 00:00:00,8,2.46
2024-11-22 01:00:00,9,2.3
2024-11-22 02:00:00,4,1.59
2024-11-22 03:00:00,8,2.9
2024-11-22 04:00:00,3,1.55
2024-11-22 05:00:00,9,2.96
2024-11-22 06:00:00,1,1.62
2024-11-22 07:00:00,2,2.3
2024-11-22 08:00:00,32,4.82
2024-11-22 09:00:00,62,8.49
2024-11-22 10:00:00,68,9.52
2024-11-22 11:00:00,49,7.28
2024-11-22 12:00:00,64,9.0
2024-11-22 13:00:00,25,5.82
2024-11-22 14:00:00,36,6.85
2024-11-22 15:00:00,64,9.33
2024-11-22 16:00:00,38,6.27
2024-11-22 17:00:00,61,8.7
2024-11-22 18:00:00,54,7.46
2024-11-22 19:00:00,9,2.49
2024-11-22 20:00:00,2,2.13
2024-11-22 21:00:00,4,2.63
2024-11-22 22:00:00,4,2.48
2024-11-22 23:00:00,3,1.11
2024-11-23 00:00:00,0,1.36
2024-11-23 01:00:00,4,1.25
2024-11-23 02:00:00,9,3.16
2024-11-23 03:00:00,4,1.77
2024-11-23 04:00:00,3,1.84
2024-11-23 05:00:00,5,2.34
2024-11-23 06:00:00,9,3.96
2024-11-23 07:00:00,3,1.99
2024-11-23 08:00:00,58,8.34
2024-11-23 09:00:00,58,7.84
2024-11-23 10:00:00,69,10.51
2024-11-23 11:00:00,54,7.89
2024-11-23 12:00:00,20,4.73
2024-11-23 13:00:00,43,7.21
2024-11-23 14:00:00,55,7.87
2024-11-23 15:00:00,25,3.8
2024-11-23 16:00:00,60,8.84
2024-11-23 17:00:00,65,8.99
2024-11-23 18:00:00,63,9.08
2024-11-23 19:00:00,8,2.98
2024-11-23 20:00:00,3,1.03
2024-11-23 21:00:00,7,2.47
2024-11-23 22:00:00,8,2.84
2024-11-23 23:00:00,3,2.26
2024-11-24 00:00:00,4,1.3
2024-11-24 01:00:00,7,2.55
2024-11-24 02:00:00,9,3.18
2024-11-24 03:00:00,5,2.27
2024-11-24 04:00:00,6,2.16
2024-11-24 05:00:00,2,2.31
2024-11-24 06:00:00,6,1.87
2024-11-24 07:00:00,7,1.58
2024-11-24 08:00:00,29,4.88
2024-11-24 09:00:00,35,5.97
2024-11-24 10:00:00,35,6.22
2024-11-24 11:00:00,50,7.77
2024-11-24 12:00:00,61,9.24
2024-11-24 13:00:00,44,7.3
2024-11-24 14:00:00,32,5.17
2024-11-24 15:00:00,25,4.43
2024-11-24 16:00:00,63,9.7
2024-11-24 17:00:00,28,4.25
2024-11-24 18:00:00,64,9.39
2024-11-24 19:00:00,3,1.5
2024-11-24 20:00:00,7,2.89
2024-11-24 21:00:00,3,1.85
2024-11-24 22:00:00,1,1.62
2024-11-24 23:00:00,9,3.44
2024-11-25 00:00:00,8,1.92
2024-11-25 01:00:00,4,2.09
2024-11-25 02:00:00,3,1.77
2024-11-25 03:00:00,1,1.89
2024-11-25 04:00:00,0,2.46
2024-11-25 05:00:00,6,1.92
2024-11-25 06:00:00,5,1.5
2024-11-25 07:00:00,1,1.22
2024-11-25 08:00:00,51,7.5
2024-11-25 09:00:00,30,5.13
2024-11-25 10:00:00,39,6.24
2024-11-25 11:00:00,43,7.56
2024-11-25 12:00:00,34,6.39
2024-11-25 13:00:00,67,10.19
2024-11-25 14:00:00,26,5.88
2024-11-25 15:00:00,40,6.71
2024-11-25 16:00:00,61,9.37
2024-11-25 17:00:00,45,7.3
2024-11-25 18:00:00,63,9.38
2024-11-25 19:00:00,7,2.54
2024-11-25 20:00:00,8,2.26
2024-11-25 21:00:00,4,1.36
2024-11-25 22:00:00,9,2.51
2024-11-25 23:00:00,4,2.26
2024-11-26 00:00:00,1,1.66
2024-11-26 01:00:00,4,1.45
2024-11-26 02:00:00,2,1.66
2024-11-26 03:00:00,6,2.11
2024-11-26 04:00:00,9,2.55
2024-11-26 05:00:00,4,2.23
2024-11-26 06:00:00,7,2.69
2024-11-26 07:00:00,0,1.25
2024-11-26 08:00:00,38,6.55
2024-11-26 09:00:00,44,7.35
2024-11-26 10:00:00,40,6.46
2024-11-26 11:00:00,31,5.55
2024-11-26 12:00:00,60,9.19
2024-11-26 13:00:00,52,7.19
2024-11-26 14:00:00,69,10.31
2024-11-26 15:00:00,23,3.86
2024-11-26 16:00:00,61,8.47
2024-11-26 17:00:00,26,4.72
2024-11-26 18:00:00,41,5.35
2024-11-26 19:00:00,6,2.31
2024-11-26 20:00:00,0,1.99
2024-11-26 21:00:00,0,0.68
2024-11-26 22:00:00,7,2.88
2024-11-26 23:00:00,1,1.27
2024-11-27 00:00:00,9,2.68
2024-11-27 01:00:00,8,2.18
2024-11-27 02:00:00,6,2.51
2024-11-27 03:00:00,5,2.61
2024-11-27 04:00:00,0,1.82
2024-11-27 05:00:00,0,1.5
2024-11-27 06:00:00,1,1.38
2024-11-27 07:00:00,5,2.07
2024-11-27 08:00:00,65,9.63
2024-11-27 09:00:00,25,4.85
2024-11-27 10:00:00,53,8.14
2024-11-27 11:00:00,20,3.26
2024-11-27 12:00:00,29,4.97
2024-11-27 13:00:00,40,5.98
2024-11-27 14:00:00,24,4.71
2024-11-27 15:00:00,21,3.64
2024-11-27 16:00:00,41,6.65
2024-11-27 17:00:00,67,9.4
2024-11-27 18:00:00,21,3.08
2024-11-27 19:00:00,9,3.05
2024-11-27 20:00:00,1,1.61
2024-11-27 21:00:00,2,2.38
2024-11-27 22:00:00,6,1.39
2024-11-27 23:00:00,5,1.95
2024-11-28 00:00:00,7,2.23
2024-11-28 01:00:00,7,2.48
2024-11-28 02:00:00,5,1.44
2024-11-28 03:00:00,9,2.85
2024-11-28 04:00:00,2,2.7
2024-11-28 05:00:00,2,1.98
2024-11-28 06:00:00,0,1.55
2024-11-28 07:00:00,6,1.53
2024-11-28 08:00:00,40,5.91
2024-11-28 09:00:00,39,6.15
2024-11-28 10:00:00,45,6.64
2024-11-28 11:00:00,23,4.77
2024-11-28 12:00:00,65,9.57
2024-11-28 13:00:00,41,7.77
2024-11-28 14:00:00,34,5.09
2024-11-28 15:00:00,59,8.6
2024-11-28 16:00:00,40,5.61
2024-11-28 17:00:00,34,4.47
2024-11-28 18:00:00,41,6.78
2024-11-28 19:00:00,3,2.11
2024-11-28 20:00:00,8,2.03
2024-11-28 21:00:00,7,2.39
2024-11-28 22:00:00,9,2.27
2024-11-28 23:00:00,9,2.33
